600000,상해포동발전은행
600004,광주백운국제공항
600006,동풍자동차
600007,중국국제무역센터
600008,북경캐피탈
600009,상해국제공항
600010,내몽고포두철강연합
600011,화능국제전력
600012,안휘환통고속도로
600015,화하은행
600016,중국 민생은행
600017,일조항
600018,상해항만그룹
600019,보산철강
600020,하남중원고속도로
600021,상해전력
600022,산동철강
600023,절능전력
600025,화능수력발전
600026,중국해운개발
600027,화전국제전력
600028,중국석유화공 (시노펙)
600029,중국남방항공
600030,중신증권
600031,삼일중공업
600032,ZHEJIANG PROVINCIA
600033,복건고속도로
600035,호북초천도로
600036,초상은행
600037,북경가화케이블TV
600038,합비항공공업
600039,사천도로교량건설그룹
600048,보리부동산
600050,차이나유니콤
600051,녕파연합
600052,절강광하
600053,구정투자
600054,황산관광개발
600055,만동의료
600056,중국제약
600057,하신전자
600058,오광발전
600059,절강고월용산소흥술
600060,청도해신전기
600061,국투자본홀딩스
600062,화윤쌍학
600063,안휘환유고신재료
600064,남경신항만하이테크
600066,정주우통버스
600067,관성대통
600068,갈주패
600070,절강부윤
600071,봉황광학
600072,중선과기
600073,상해매림정광화
600075,신강천업
600076,유방북대청조화광
600077,선디 기간산업투자
600078,강소징성린화학
600079,인복제약
600080,금화기업(그룹)
600081,동풍전자테크놀로지
600082,톈진 하이테크 개발
600083,광둥 보신 투자&홀딩
600084,중신국안와인
600085,북경동인당
600088,중국TV미디어
600089,특변전기공
600090,동제당건강산업
600091,포두미래테크놀로지
600093,이견홀딩스
600094,대명성
600095,할빈하이테크(그룹)
600096,운남운천화
600097,개창국제
600098,광주발전실업
600099,임해
600100,청화동방
600101,사천명성전력
600103,복건청산제지
600104,상해자동차
600105,강소영정
600106,중경도로교량
600107,호북미이아
600108,감숙아성실업
600109,국금증권
600110,낙덕투자
600111,중국 북방희토그룹 하이테크
600112,귀주장정전기
600113,절강동일
600114,녕파동목신재료그룹
600115,중국동방항공
600116,중경삼형수리전력
600117,서녕특수강
600118,중국위성
600119,장강투자
600120,절강동방그룹
600121,정주석탄전력
600122,강소굉도하이테크
600123,산서 란화 과학기술
600125,중철철로철룡물류
600126,항주철강
600127,금건곡류
600128,강소홍업
600129,중경태극실업
600130,녕파도파관
600131,사천민강수리전력
600132,중경맥주
600133,무한동호하이테크그룹
600135,럭키필름
600136,당대명성문화
600137,쓰촨 랑사 홀딩
600138,중청려홀딩스
600139,서부자원
600141,흥발그룹
600143,광주금발테크놀로지
600145,신장 일루 완위안 실업투자지주
600146,녕하대원화학
600148,장춘일동클러치
600149,랑방개발
600150,중국선박공업
600151,상해항천자동차
600152,닝보 베켄 엘리트 그룹
600153,하문건발
600155,하북보석
600156,호남화승
600157,영태에너지
600158,중체산업그룹
600159,베이징 다룽 웨이예 부동산 개발
600160,절강거화
600161,북경천단생물제품
600162,산동향강홀딩스
600163,중민에너지
600165,녕하항역
600166,복전자동차
600167,연미홀딩스
600168,무한홀딩스
600169,태원중공업
600170,상해건공
600171,상해벨링
600172,하남황하선풍
600173,와용부동산
600176,중국유리섬유
600177,야거얼그룹
600178,할빈동안자동차
600179,흑룡강흑화
600180,서무통
600182,GITI타이어
600183,광동생익테크놀로지
600184,북경광전기
600185,격력부동산
600186,연화건강
600187,국중수도
600188,연주석탄채굴
600189,길림삼림
600190,금주항만
600191,포두화자
600192,난주장성전공
600193,하문창흥테크놀로지
600195,중목실업
600196,복성제약
600197,신강이력특실업
600198,대당텔레콤
600199,금종자주류
600200,강소오중실업
600201,금우바이오
600202,할빈에어컨
600203,복건복일전자
600206,유연신소재
600207,하남안채
600208,신호중보
600209,나톤발전
600210,상해자강기업그룹
600211,티베트제약
600212,강천실업
600213,아성버스
600215,장춘경제
600216,절강제약
600217,중재자원환경
600218,안회전시동력
600219,산동남산알루미늄
600220,강소양광
600221,해남항공
600222,하남죽림중생제약
600223,노상부동산
600225,천진송강
600226,절강승화바이오크생물
600227,귀주적천화
600228,강서창구생물화학
600229,청도소다회
600230,하북창주대화
600231,능원철강
600232,절강금응
600233,YTO 익스프레스 그룹
600234,광허 랜드스케이프 컬쳐 커뮤니
600235,민풍특종종이
600236,광서계관전력
600237,안휘동봉전자
600238,해남야자도
600239,운남성투부동산
600241,시대만항
600242,중창빅데이터
600243,청해화정
600246,만통부동산
600248,연장화건
600249,유주량면침
600250,남경방직
600251,신강관농
600252,중항그룹
600255,흠과자재
600256,광회에너지
600257,태호수산양식
600258,수도관광호텔
600259,광성비철금속
600260,호북케일러신재료
600261,양광조명
600262,내몽고북방중형자동차
600265,운남경곡림업
600266,북경성건투자발전
600267,절강해정제약
600268,국가전력남경자동화
600269,강서감월고속도로
600271,항천정보
600272,상해개개실업
600273,가화에너지
600275,호북무창어
600276,항서제약
600277,엘리언 청정 에너지
600278,동방창업
600279,중경항구
600280,남경중앙쇼핑센터
600281,태원화학
600282,남경철강
600283,전강수자원
600284,상해포동도로교량
600285,하남령예제약
600287,강소순천
600288,대항신기원기술
600289,브라이트 오션 인터텔레콤
600290,화의전기
600291,서수창업
600292,중전원달
600293,호북삼협신형건축
600295,내몽고오르도스
600297,대련미라제약
600298,안기효모
600299,난성화학신재료
600300,유유식품
600301,남녕화학
600302,서안표준
600303,요녕서광자동차
600305,강소항순초실업
600306,심양상업성
600307,주강굉흥철강
600308,산동화태제지
600309,만화화학
600310,광서계동전력
600311,감숙영화실업
600312,하남평고전기
600313,중간농업자원
600315,상해가화연합
600316,강서홍도항공공업
600318,안휘소동시멘트
600319,유방아성화학
600320,상해진화항만기계
600321,사천성국동건설
600322,천진시부동산
600323,한남환경
600325,주해화발실업
600326,서장천로교통
600327,대동방
600328,내몽고난태실업
600329,중신제약
600330,천통홀딩스
600331,사천굉달
600332,광주백운산제약
600333,장춘가스
600335,국기자동차
600336,청도AUCMA
600337,마르코가구
600338,티베트 서미트 산업
600339,신강천리
600340,화하행복부동산
600343,항천동력
600345,무한장강통신
600346,흥리석유화학
600348,양천석탄그룹
600350,산동고속도로
600351,아보제약
600352,절강용성그룹
600353,성도욱광전자
600354,감숙성돈황종자
600355,무한정륜전자
600356,목단강항풍제지
600358,중국연합여행사
600359,신강타림농업
600360,화미전자
600361,북경화련종합하이퍼
600362,강서동업
600363,연창광전
600365,통화포도주
600366,영파운승
600367,귀주홍성발전
600368,광서오주교통
600369,서남증권
600370,강소삼방항실업
600371,만향덕농
600372,중항항공전자설비
600373,중문미디어
600375,화릉성마
600376,북경수도개발
600377,강소녕호고속도로
600378,사천천일테크놀로지
600379,섬서보광진공전기
600380,건강원제약그룹
600381,청해현성
600382,광동명주그룹
600383,금지그룹
600385,산동금태그룹
600386,북경버스
600387,절강해월
600388,용정환경보호
600389,남통강산농업화학
600390,금서신재료
600391,성발항공테크놀로지
600392,성화자원
600393,광주동화
600395,귀주반강석탄
600396,심양금산열전
600397,안원석탄
600398,하이란홈
600399,무순특수강
600400,강소홍두
600403,대유에너지
600405,동력원테크놀로지
600406,국전남서테크놀로지
600408,산서안태
600409,당산삼우화학
600410,북경화승천성테크
600415,중국소상품시티그룹
600416,상담전기제조
600418,안휘강회자동차
600419,천윤유업
600420,상해현대제약
600421,후베이 양판 지주
600422,곤명제약
600423,유주화학
600425,신강청송건축재료
600426,산동화로항승화학
600428,중원해운
600429,북경삼원식품
600433,광동관호하이테크
600435,북방네비게이션
600436,장주편자황제약
600438,통위실업
600439,하남레베카헤어제품
600444,안휘국통파이프
600446,심천금증테크놀로지
600448,화방
600449,녕하건자재
600452,중경부능전력
600455,박통정보
600456,보계티탄
600458,주주시대신재료
600459,귀연백금
600460,항주사난마이크로전자
600461,강서홍성수자원
600462,연변석현백록제지
600463,북경공항하이테크단지
600466,남광개발
600467,산동호당가해양개발
600468,천진백리특정전기
600469,풍신타이어
600470,안휘육국화학
600475,무석화광보일러
600476,호남상우
600477,절강항소
600478,과역원
600479,주주천금제약
600480,능운공업
600481,강소쌍량에어컨설비
600482,풍범실업
600483,복건남방섬유
600486,강소양농화학
600487,강소형통광전자
600488,천진천약제약
600489,중금황금
600490,붕흔자원
600491,용원건설그룹
600493,복건봉죽섬유
600495,진서차축
600496,장강정공강구조
600497,운남치굉아연&게르마늄
600498,봉화통신
600499,과달청정에너지
600500,중국화학국제
600501,남경항천신광
600502,안휘수력자원개발
600503,화려가족
600505,사천서창전력
600506,신강콜라배
600507,방대특강
600508,상해대둔에너지
600509,천부에너지
600510,흑모란(그룹)
600511,국약그룹
600512,등달건설
600513,강소연환제약
600515,해항인프라투자그룹
600516,방대탄소
600517,상해치신전기
600518,광동강미제약
600519,귀주모태주
600520,등릉삼가
600521,절강화해제약
600522,강소중천테크놀로지
600523,귀주귀항자동차부품
600525,장원그룹
600526,비달환경보호
600527,강소강남고섬유
600528,중철이국
600529,산동약용유리
600530,상해교대앙립
600531,하남예광금&연
600532,산동홍달광업
600533,남경서하건설
600535,천진천사력제약
600536,중국소프트웨어
600537,억정광전
600538,북해국발
600539,사두시멘트
600540,신장 사일리무 첨단농업
600543,감숙막고
600545,신강도시건설
600546,산서석탄국제에너지
600547,산동황금광업
600548,심천고속도로
600549,하문텅스텐
600550,보정천위보변전기
600551,시대출판
600552,트라이엄프 과학기술
600555,상하이 나인드래건 투어리즘
600556,혜구기술
600557,강소강원제약
600558,사천대서양용접
600559,로우바이간주류
600560,북경금자천정지능
600561,강서장도운수
600562,국예테크놀로지
600563,하문파라전자
600565,충칭 디마 산업
600566,제천제약
600567,안휘산응제지
600568,중주홀딩스
600569,안양철강
600570,항생전자
600571,선야드공정
600572,콘바제약
600573,혜천맥주
600575,환강물류
600576,무석경풍
600577,동능정달특종자석
600578,경능전력
600579,청도황해고무
600580,절강와룡전기그룹
600581,신강팔일철강
600582,천지테크놀로지
600583,해양석유공정
600584,강소장전테크놀로지
600585,안휘해라시멘트
600586,산동금정테크놀로지
600587,산동신화의료기기
600588,용우네트워크
600589,광동용태실업
600590,태호기술
600592,복건용계베어링
600593,대련성아여행
600594,귀주익백제약
600595,하남중부실업
600596,신안화학공업
600597,광명유업
600598,흑룡강북대황농업
600599,판다 파이낸셜 홀딩-A
600600,청도맥주
600601,방정테크놀로지그룹
600602,운새지련
600603,상해흥업부동산
600604,상해시북하이테크
600605,회통에너지
600606,녹지홀딩스
600608,상해광대역기술
600609,금배자동차
600610,상하이 중이다
600611,대중교통
600612,노봉상
600613,신기제약
600614,상해정립테크놀로지
600615,상해풍화
600616,금풍양주
600617,국신에너지
600618,상해알칼리화학
600619,상해해립
600620,상해천신
600621,상해화흠
600622,가보그룹
600623,상해화의그룹
600624,상해복단복화테크
600626,상해신달
600628,상해신세계
600629,화동건설그룹
600630,상해용두
600633,절보미디어
600634,중기홀딩스
600635,상해대중공공사업
600636,상해3F신재료
600637,동방명주
600638,상해신황포부동산
600639,상해포동금교
600640,호백홀딩스
600641,만업기업
600642,상해에너지
600643,상해애건
600644,낙산전력
600645,중원협화
600647,상해동달창업투자
600648,상해외고교보세구
600649,성투홀딩스
600650,상해금강국제실업투자
600651,상해비락음향
600652,여구게임
600653,신화홀딩스
600654,차이나 보안 소방
600655,상해예원여행마트
600657,신달부동산
600658,북경전자성투자개발
600660,복요유리
600661,신남양
600662,상해강생홀딩스
600663,상해육가취
600664,하얼빈 제약 그룹
600665,천지원
600666,서남제약
600667,무석태극실업
600668,절강첨봉그룹
600671,항주천목산제약
600673,동양광테크놀로지
600674,사천천투에너지
600675,중화기업
600676,상해교통운수
600678,사천금정
600679,상하이 피닉스 엔터프라이즈
600681,백천에너지
600682,남경신가구백화점
600683,메트로 랜드
600684,광주주강실업
600685,중선해양여방무장비
600686,하문금룡자동차
600688,시노펙상해석유화학
600689,상해삼모기업
600690,청도하이얼
600691,양매화공
600692,상해아통
600693,복건동백
600694,대상그룹
600695,녹정투자
600696,암석기업개발
600697,장춘구아그룹
600698,호남천안기계
600699,닝보 조이슨 전자
600702,사천타패곡주
600703,삼안광전
600704,우찬 중다 그룹
600705,중항자본
600706,시안 취장 문화 관광
600707,채홍브라운관
600708,상해해박
600710,상림
600711,성둔광업
600712,녕파백화점
600713,남경의약
600714,청해금서
600715,송료자동차
600716,봉황부동산투자
600717,천진항
600718,동연그룹
600719,대련화력
600720,감숙기련산시멘트그룹
600721,신강백화촌
600722,허베이 진유 화학공업
600723,베이징 캐피털 소매 그룹
600724,녕파부달
600725,운남운유
600726,화전에너지
600727,산동노북화학
600728,신태기술
600729,중경백화점
600730,중국하이테크그룹
600731,호남해리화학
600732,상해신매부동산
600733,성도전봉전자
600734,실달그룹
600735,신화면
600736,소주하이테크
600737,중양둔하
600738,난주민백
600739,요녕성대
600740,산서코킹
600741,화역자동차시스템
600742,일기부유
600743,화원부동산
600744,호남화은전력
600745,조인 인 홀딩
600746,강소SOPO화학공업
600748,상해실업개발
600749,티베트관광
600750,강중제약
600751,천해투자
600753,동방은성
600754,상해금강국제호텔발전
600755,하문국제무역
600756,랑조소프트웨어
600757,장강미디어
600758,홍양에너지
600759,주제석유가스
600760,동안흑표
600761,안휘합력
600763,탑초이스 의료투자
600764,중전광통
600765,중항중장비
600766,원성황금
600767,운성실업
600768,녕파부방정업
600769,무한상룡전력
600770,강소종예
600771,광예원
600773,티베트개발투자
600774,무한한상
600775,남경판다전자
600776,동방통신
600777,신조에너지
600778,신강우호그룹
600779,수정방
600780,산서통보에너지
600781,푸런 제약 그룹 실업
600782,신화금속
600783,로신창업투자그룹
600784,노은투자그룹
600785,은천신화백화점
600787,중저발전
600789,산동로항제약
600790,절강중국경방성
600791,경능부동산
600792,윈난 석탄 에너지
600793,의빈제지
600794,보세테크놀로지
600795,국전전력개발
600796,전강생화
600797,인시그마기술
600798,녕파해운
600800,천진 글로벌 마그네틱카드
600801,화신시멘트
600802,복건시멘트
600803,신오생태
600804,성도붕박사테크놀로지
600805,강소열달투자
600807,산동제남백화점
600808,마안산철강
600809,산서행화촌분주
600810,신마실업
600811,동방그룹
600812,화북제약
600814,항주해방백화그룹
600815,하문공정
600816,안신신탁투자
600817,서안굉성과기발전
600818,중로
600819,상하이 야오화필킹턴 유리그룹
600820,상해터널공정
600821,천진권업시장
600822,상해물자무역
600823,상해세무
600824,익민그룹
600825,신화미디어
600826,상해난생
600827,상해백연그룹
600828,성상그룹
600829,할빈제약삼정제약
600830,향익융통
600831,광전네트윅
600833,상해제일제약
600834,상해신통지하철
600835,상해전기기계
600836,상해계용실업
600837,해통증권
600838,상해구백
600839,사천장홍전자
600841,상해디젤기
600843,상공신패그룹
600844,단화 화학기술
600845,상해보신소프트웨어
600846,상해동제테크놀로지
600847,중경만리축전지
600848,상해림강홀딩스
600850,상해화동컴퓨터
600851,상해해흔
600853,용건도로교량
600854,춘란제냉설비
600855,북경항공장봉
600856,창춘 시노에너지
600857,영파중백기술
600858,은좌그룹
600859,북경왕부정백화
600860,북경경성기전
600861,북경도시향촌무역센터
600862,중항하이테크
600863,내몽고화전
600864,할빈투자
600865,백대
600866,조경성호
600867,통화동보제약
600868,광동매안
600869,지혜에너지
600870,하문화교전자
600871,시노펙의정화학섬유
600872,중거하이테크실업
600873,매화생물
600874,천진창업환경보호
600875,동방전기
600876,낙양유리
600877,중국가릉
600879,항천전자
600880,성도박서전파
600881,아태그룹
600882,엄택식품
600883,운남박문
600884,녕파삼삼
600885,굉발테크놀로지
600886,국투전력홀딩스
600887,내몽고이리실업그룹
600888,신강중화
600889,남경화학삼유
600890,중방부동산
600892,대성문화
600893,항공동력
600894,광주광일
600895,상해장강하이테크
600896,중해해성
600897,하문국제공항
600898,삼련상사
600900,장강전력
600901,강소금융임차
600903,귀주가스그룹
600905,CHINA THREE RENEWA
600906,CAIDA SECURITIES C
600908,무석은행
600909,화안증권
600916,CHINA NATIONAL G.J
600917,중경가스
600918,중타이 증권
600919,강소은행
600926,항주은행
600928,BANK OF XIAN
600929,호남염업
600933,애가적
600936,엄서엄전
600939,중경건공
600956,신톈 녹색능원
600958,동방증권
600959,강소유선방송
600960,산둥 빈저우 보하이 피스톤
600961,주저우 제련그룹
600962,국투중로과일주스
600963,웨양 임업 & 제지
600965,포춘 응 펑 푸드 허베이
600966,산둥 보후이 제지
600967,바오터우 베이팡 촹예
600968,CNOOC ENERGY TECHN
600969,후난 천뎬 국제개발
600970,차이나 시노마 국제 엔지니어링
600971,안후이 헝위안 석탄산업전력
600973,바오성 과학기술혁신
600975,후난 뉴 웰풀
600976,우한 젠민 제약 그룹
600977,중국전영
600979,사천광안애중
600980,북광테크놀로지
600981,장쑤 하이 호프 인터내셔널 그룹
600982,닝보 화력
600983,월풀 차이나
600984,섬서 건설기계
600985,안후이 레이밍커화
600986,커다 그룹
600987,저장 항민
600988,치펑 지룽 황금 광업
600989,NINGXIA BAOFENG EN
600990,안후이 선크리에이트 전자
600992,구이저우 와이어 로프
600993,마잉룽 제약 그룹
600995,윈난 원산 전력
600996,귀엄망락
600997,카이롼 에너지 케미컬
600998,조인타운 파마수티컬 그룹
600999,자오상증권
601000,당산항그룹
601001,다퉁 석탄 산업
601002,젬 이어 공업
601003,류저우 철강
601005,충칭 철강
601006,다친 철도
601007,진링 호텔
601008,장쑤 롄윈강 항만
601009,난징은행
601010,문봉
601011,보태륭신소재
601012,융기녹능과기
601015,섬서흑묘
601016,절능풍력발전
601018,닝보 포트
601019,산동출판미디어
601020,화옥광업
601021,춘추항공
601028,옥룡강관
601038,퍼스트 트랙터
601058,새륜금우그룹
601066,중신건투증권
601068,중려국제공정
601069,서부황금
601077,CHONGQING RURAL CO
601086,국방공무그룹
601088,중국 선화 에너지
601098,차이나 사우스 퍼블리싱 & 미디어 그룹
601099,퍼시픽 증권
601100,항립유압
601101,하화에너지
601106,중국제일중공업
601107,쓰촨고속도로
601108,재통증권
601111,중국국제항공
601113,화정금륜
601116,삼강쇼핑
601117,중국 화학공정
601118,해남고무
601126,사방자동화
601127,소강고빈
601128,상숙은행
601137,박위합금재료
601138,부사강산업인터넷
601139,선전가스공사
601155,신성그룹
601156,EASTERN AIR LOGIST
601158,중경수도
601162,천풍증권
601163,삼각륜태
601166,흥업은행
601168,웨스턴 광업
601169,베이징 은행
601177,항주전진기어박스
601179,중국 XD 전기
601186,중국 철도 건설
601187,XIAMEN BANK
601188,용강교통
601198,동흥증권
601199,강남수업
601200,상해환경그룹
601208,동재기술
601211,국태군안증권
601212,백은유색집단고빈
601216,군정에너지화학
601218,길흠풍력기술
601222,임양에너지
601225,섬서석탄
601226,화전중장비
601228,광저우항구
601229,상해은행
601231,유니버설 사이언티픽 인더스트리얼
601233,동곤그룹
601236,HONGTA SECURITIES
601238,광저우 자동차 그룹
601258,방대그룹
601279,CHANGCHUN ENGLEY A
601288,중국 농업은행
601298,청도항인터내셔널
601311,낙타그룹
601318,중국 핑안보험
601319,중국인민보험그룹
601326,진황도항만
601328,중국교통은행
601330,녹색동력환경보호그룹
601333,광선철도
601336,신화 생명보험
601339,백륭동방
601360,360 보안테크놀로지
601366,리군상업그룹
601368,녹성수도
601369,섬고동력
601375,중원증권
601377,인더스트리얼 증권
601388,이구금속자원재생
601390,중국 철도그룹
601398,중국 공상은행
601399,SINOMACH HEAVY EQUIPMENT GROUP
601456,GUOLIAN SECURITIES
601500,통용기술
601512,CHINA-SINGAPORE
601515,동풍인쇄
601518,길림고속도로
601519,상해대지혜
601555,동오증권
601566,구목왕
601567,삼성전기
601568,SHAANXI BEIYUAN CH
601577,장사은행
601579,회계산소홍주
601588,베이징 노스 스타
601595,상해전영
601598,시노트란스
601599,녹항문화
601600,중국 알루미늄
601601,중국 퍼시픽 보험그룹
601606,장성군수산업
601607,상하이 의약
601608,중신중공업
601609,NINGBO JINTIAN COP
601611,중국핵건
601615,명양스마트에너지
601616,광전전기
601618,중국야금
601619,가택신에너지
601628,중국생명보험
601633,장성 자동차
601636,기빈그룹
601658,POSTAL SAVINGS BAN
601666,천안탄광업
601668,중국 건축공정
601669,중국 전력 건설
601677,명태알루미늄
601678,빈화그룹
601686,TIANJIN YOU FA STE
601688,화타이증권
601689,탁보그룹
601696,BOC INTERNATIONAL
601698,CHINA SATELLITE CO
601699,산서 뤼안 환경에너지개발
601700,품격전력설비
601702,SHANGHAI HUAFON AL
601717,정저우 석탄채굴 기계그룹
601718,제화그룹
601727,상하이 일렉트릭그룹
601766,중국중차
601777,역범실업
601778,JINKO POWER TECHNO
601788,에버브라이트 증권
601789,영파건설
601798,남과하이테크
601799,성우조명
601800,중국 통신 건설
601801,안후이 신화 미디어
601808,중해유전서비스
601811,신화 윈셰어 출판 미디어
601816,BEIJING-SHANGHAI H
601818,광대은행
601827,CHONGQING SANFENG
601828,홍싱메이카이롱 그룹
601838,성도은행
601857,페트로차이나
601858,중국과기출판전매고빈
601860,강소자금농촌상업은행
601865,복래특유리그룹
601866,중국해운컨테이너 (CSCL)
601869,장비광섬유광케이블
601872,초상기선
601877,정태전기
601878,절상증권
601880,대련항
601881,중국은하
601882,해천정공
601886,강하그룹
601888,차이나 인터내셔널 트레블 서비스
601890,아성체인케이블
601898,중국 석탄 에너지
601899,쯔진광업
601900,남방전매
601901,파운더 시큐리티스
601908,경운통
601916,CHINA ZHESHANG BK
601918,신집에너지
601919,중국 코스코 홀딩스
601928,장쑤피닉스퍼블리싱&미디어
601929,길시미디어
601933,용후이 수퍼스토어스
601939,중국건설은행
601949,중국출판미디어홀딩스
601952,소간농업
601956,HUBEI DONPER ELECT
601958,진두이청 몰리브덴
601963,BANK OF CHONGQING
601965,중국자동차연구소
601966,령롱륜태
601968,보강포장
601969,해남광업
601975,난징탱커
601985,중국핵에너지전력
601988,중국은행 (BOC)
601989,중국선박중공
601990,남경증권
601991,다탕국제발전
601992,금우그룹
601995,CHINA INT CAP CORP
601996,풍림그룹
601997,귀양은행
601998,중신은행
601999,북방연합출판매체
603000,인민망
603001,오강제화
603002,굉창전자
603003,용우연료
603005,정방테크놀러지
603006,연명기계
603007,화왕에코
603008,희림문가구
603009,북특테크놀러지
603010,만성
603011,합단인텔리전트
603012,창력그룹
603013,아보자동차부품
603015,흥신기술
603016,신굉태전자기술
603017,중형설계
603018,중설설계
603019,중과인포메이션
603020,애플향신료
603021,화붕유리
603022,신통연포장
603023,위제전자
603025,대호과학기술
603026,석대성화
603027,천화미업
603028,새복천
603029,천아고빈
603030,전축건축
603031,안덕리
603032,덕신교운
603033,삼유고빈
603035,상숙기식
603036,여통고빈
603037,개중고빈
603038,동완시화립실업고빈
603039,범미망락
603040,항주신좌표과기고빈
603041,미사덕화학
603042,화맥테크놀로지
603043,광주주가
603045,복달합금
603050,과림전기
603053,CHENGDU GAS GROUP
603055,태화신소재
603056,덕방물류
603058,영길고빈
603059,배가길그룹
603060,국검집단
603063,화수망전기
603066,음비소토리지
603067,진화고빈
603068,BEKEN CORPORATION
603069,해기집단
603076,악혜국제엔지니어링장비
603077,화방바이오
603078,강화마이크로전자재료
603079,성달바이오제약
603080,신강 토치가스
603081,대풍실업
603083,검교과기
603085,천성자동제어
603086,산동선달화학
603087,GAN&LEE PHARMACEUTICAL
603088,정달기계
603089,절강정유공업고빈
603090,굉성고빈
603093,NANHUA FUTURES CO.
603095,ZHEJIANG YUEJIAN I
603096,신고전문화그룹
603098,삼특고빈
603099,장백산투어
603100,천의자동화
603101,회가시대
603103,횡점엔터테인먼트
603105,절강심능광복과학기술
603106,항은금융
603108,윤달메디칼
603109,SENCI ELECTRIC MAC
603110,신동방신소재
603111,강니전자
603112,SHANXI HUAXIANG GR
603113,금능과학기술
603115,NANTONG HAIXING EL
603116,홍청정
603117,만림고빈
603118,공진전자
603121,상해 시노텍
603123,추이웨이빌딩
603126,중재에너지
603127,조연신약
603128,화무물류
603129,춘풍동력
603131,상해호공
603133,탄원테크놀로지
603136,천목호관광
603138,북경해양데이터기술
603139,강혜제약
603155,XINYAQIANG SILICON
603156,양원지휘음료
603157,라차펠패션
603158,등룡자동차부품
603159,상해아홍
603160,회정과기
603161,과화 홀딩스
603165,영성배보
603166,복달
603167,발해페리
603168,사보애사제약
603169,난석중장비
603177,절강덕창배보과기고빈
603178,성룡자동차동력시스템
603179,신천자동차수리
603180,금패인테리어
603181,황마테크놀로지
603183,소주시건축과학연구원그룹
603185,우시상궤자동화
603186,화정신재
603187,청도해용상업랭연
603188,아방염료
603189,망달연건
603192,상해휘득과학기술
603195,GONGNIU GROUP CO L
603196,일파패션그룹
603197,상해보륭자동차
603198,영가양조
603199,구화투어
603200,상해세패과기
603203,쾌극고빈
603208,강산구파
603212,CYBRID TECHNOLOGIE
603214,상해애영실
603217,SHANDONG YUANLI SC
603218,일월고빈
603220,우한패사특통신
603221,ZHANGJIAGANG ELEGA
603222,제민제약
603223,항통유통
603225,신봉명그룹
603226,비임격 목재제품
603227,설봉과학기술
603228,경왕전자
603229,오상제약
603232,상해격이소프트웨어
603233,대참림제약그룹
603236,QUECTEL WIRELESS S
603238,낙방고빈
603239,절강선통
603256,GRACE FABRIC TECHN
603258,전혼망락
603259,약명강덕신약개발
603260,합성규업
603266,천룡고빈
603267,BEIJING YUANLIU HO
603268,송발도자기
603269,강소갈매기냉각탑
603277,은도요식업설비
603278,산동대업
603279,JINGJIN ENVIRONMEN
603283,새등정밀전자
603286,일영전자
603288,포샨 하이톈 플래이버링 & 푸드
603289,태서기계
603290,STARPOWER SEMICOND
603297,영파영신광학
603298,항차집단고빈
603299,정신고빈
603300,화철과학기술
603301,진덕메디컬
603303,횡점그룹득방조명
603305,욱승오토테크놀로지
603306,화무신소재
603308,응류전자
603309,유력메디칼
603311,금해환경
603313,몽백합
603315,복안중공업
603316,저장성방원림
603317,SICHUAN TEWAY FOOD
603318,파사가스(에너가스)
603319,상유빙
603320,적패전기
603321,매윤엘리베이터
603322,초신통신
603323,오강은행
603324,SHANGHAI SHENG JIA
603326,남경이악가구
603327,SICHUAN FURONG TEC
603328,의돈전자
603329,아사투자발전
603330,상해천양
603331,백달정공
603332,용걸특충섬유
603333,명성케이블
603335,적생력자동차부품
603336,굉휘과소
603337,걸극고빈
603338,절강강력기계
603339,사방랭련
603345,안정식품
603348,문찬압주
603351,남경위이제약
603353,HUNAN HESHUN PETROLEUM
603355,내극전력
603356,화능정공테크놀로지
603357,안휘성운송컨설팅&디자인기관
603358,화달기차과기고빈
603359,동주경관
603360,대련백오화학고빈
603363,부건오농바이오테크놀로지
603365,상해수성가정박직품
603366,일출태양에너지
603367,신흔제약
603368,유주제약
603369,금세연양조
603377,동방시상
603378,아시아창능테크놀로지
603379,ZHEJIANG SANMEI CH
603380,이덕용테크놀로지
603383,정점소프트웨어
603385,해달위생용품
603386,광동준아전자과기
603387,기단바이오테크
603388,원성원림그룹
603389,아진가구
603390,GUANGZHOU TONGDA A
603392,베이징 완타이 바이오
603393,신천연기
603396,영구금진기계
603398,방보익지
603399,신화룡몰리브데뮴
603408,RUNNER (XIAMEN) CO
603416,신첩전기
603421,정신통신
603429,안휘집우신재료고빈
603439,GUIZHOU SANLI PHAR
603444,길비특
603456,구주제약
603458,광주교통기획&측량설계연구원
603466,상해풍어축전시
603477,진정
603486,과옥사로보틱스
603488,전붕테크
603489,BAFANG ELECTRIC (S
603496,항위테크놀로지
603499,상해상항포장과기
603500,천태상화실업
603501,상해위이반도체
603505,금석자원그룹
603506,남도산업
603507,진강신에너지장비
603508,사유자동화기계
603511,AIMER CO LTD
603515,구보조명
603516,순중테크놀로지
603517,절미식품
603518,유격나사패션
603519,입패실업
603520,사태립
603527,안휘중원신소재
603528,다륜과기
603529,AIMA TECHNOLOGY GR
603530,JIANGSU SHEMAR ELE
603533,장열테크놀로지
603535,가성국제물류
603536,혜발식품
603538,미낙화제약
603551,AUPU HOME STYLE CO
603555,귀인조
603556,해흥전력
603557,기보
603558,건성그룹
603559,중통국맥
603565,SHANGHAI ZHONGGU L
603566,보내가바이오
603567,진보도제약
603568,위명환경보호
603569,장구물류
603577,회금통
603578,삼성신소재
603579,영태건강
603580,애애정밀공업수송계통
603583,절강첩창선형구동테크놀로지
603585,소리고빈
603586,산동금기린
603587,지소패션
603588,고능배경
603589,안휘구자주업
603590,베이징강진제약
603595,토니전자
603596,백특리자동차안전시스템
603598,인력미디어
603599,광신농업화학
603600,영예가구
603601,재승테크
603602,항주종횡통신
603603,박천배경집단고빈
603605,박래아화장품
603606,동방케이블
603607,경화레이저기술
603608,천창시상
603609,화풍농업
603610,KEESON TECHNOLOGY
603611,낙력장비
603612,수오통개발
603613,BEIJING UNITED INF
603615,다화고빈
603616,한건하산파이프
603617,군화펌프
603618,항전케이블
603619,중만석유천연가스
603626,곤산과삼과기고빈
603628,청원고빈
603629,리통전자
603630,납방가화
603633,래목고빈
603636,남위소프트
603637,진해고빈
603638,애적정밀
603639,해리이
603648,상해창연국제물류
603650,동정신소재그룹
603655,낭박테크
603656,태화수광전과기
603657,춘광테크놀로지
603658,안도생물
603659,상해박태내신에너지기술
603660,소주과달
603661,항림의자산업
603662,KELI SENSING TECHN
603663,삼상신재
603665,강융달특충방호
603666,억가화테크놀로지
603667,오주신춘
603668,복건천마과기집단고빈
603669,영강제약
603676,위신강제약
603677,기정궤계고빈
603678,화거전자
603679,사천화체조명과기
603680,금창그룹
603681,SHANGHAI YONGGUAN
603682,SHANGHAI GOLDEN UN
603683,정화효점신소재
603685,신풍과기
603686,용마환경보호장비
603687,ZHEJIANG GREAT SHE
603688,태평양석영
603689,환천연기
603690,지순과기
603693,강소성신에너지개발
603696,안기식품
603697,YOUYOU FOODS CO LT
603698,항천공업
603699,뉴위밸브
603700,닝보수도측량
603701,덕굉고빈
603703,성양과학기술
603706,신강동방환우가스
603707,건우바이오제약
603708,가가열
603709,중원가구
603711,향표표식품
603712,712통신광파
603713,밀이극위화공공급체인서비스
603716,새력사
603717,천역생태환경
603718,해리바이오테크
603719,BESTORE CO LTD
603721,중광천택미디어
603722,아과력과기
603725,천안신소재
603726,랑적집단
603727,박매과
603728,상해명지전기
603729,용운광고
603730,대미카인테리어
603733,선학
603737,삼과수
603738,태정과기
603739,울람바이오테크
603755,QINGDAO RICHEN FOO
603757,대원펌프산업
603758,중경진안기전
603759,HAITIAN WATER GROU
603766,용흠모터스
603767,저장성중마전동
603768,합비상청기계
603773,옥격광전
603776,영안공공자전거시스템
603777,래이빈
603778,건경원림
603779,위룡고빈
603786,KEBODA TECHNOLOGY
603787,신일전동차
603788,고발자동화제어
603789,성광농업기계
603790,상해아운방직화학공학
603797,연태환경보호
603798,강보돈
603799,화우코발트
603800,도삼고빈
603801,지방찬장
603803,서사광달과기
603806,복사특
603808,가력사패션(Ellassay)
603809,청도호능과기
603810,강소봉산그룹
603811,성의제약
603813,원상물류
603815,ANHUI GOURGEN TRAF
603816,고가가구(Jason)
603817,해협배보
603818,곡미가구그룹
603819,신력고빈
603822,가오배보
603823,백합화
603825,화양연중디지털기술
603826,복건곤채재료과기
603828,가리달건축
603829,강소낙개기전
603833,구파가거그룹
603836,BONDEX SUPPLY CHAI
603838,사통그룹
603839,안정시상
603843,정평고빈
603848,호태과기
603855,화영과기
603856,동굉파이프산업
603858,보장제약
603859,능과고빈
603860,중공고과양호과기
603861,백운전기
603863,GUANGDONG SONGYANG
603866,도리제빵
603867,ZHEJIANG XINHUA CH
603868,비과전기
603869,북부만유
603871,가우국제물류
603876,정성신소재
603877,태평조
603878,무진부수
603879,영열과기
603880,남방위재의약
603881,수거항
603882,금역의학검사그룹
603883,노백성약국
603885,길상항공
603886,원조고빈
603887,성지고빈
603888,신화망
603889,신오직물
603890,춘추전자
603893,FUZHOU ROCKCHIP EL
603895,천영 엔지니어링
603896,수선곡제약
603897,장성전기공학테크놀로지
603898,호래객인테리어
603899,신광문구
603900,통령주보
603901,영창스마트장비
603903,중지수무
603906,용반과기
603908,목고적호외용품
603909,합성고빈
603912,가력도기방환경기술
603915,JIANGSU GUOMAO RED
603916,소박특신소재
603917,합력모형과기
603918,금교인포테크
603919,김휘주
603920,세운전로과기
603922,금홍순자동차부품
603926,철류리클러치
603927,SINOSOFT CO LTD
603928,흥업고빈
603929,아상집성
603931,HANGZHOU GREENDA E
603933,부건예능과기
603936,박민전자
603937,여도신소재
603938,삼부실리콘산업
603939,익풍약국
603948,ZHEJIANG JIANYE CH
603949,XUELONG GROUP CO L
603950,XIANGYANG CHANGYUA
603955,대천생태환경그룹
603956,상해위파격수무
603958,합삼고빈
603959,백리과기
603960,극내전기기계자동화공정
603963,대리제약
603966,법란태극중공고빈
603967,CHINA MASTER LOGIS
603968,남통초산화학
603969,은룡
603970,중농입화바이오기술
603976,중경정천의약포장재료
603977,국태집단
603978,신성경합금재료
603979,금성신광업
603980,길화그룹
603982,NANJING CHERVON AU
603983,GUANGDONG MARUBI B
603985,항윤중공업
603986,조역창신
603987,강덕래
603988,중전전기
603989,애화그룹
603990,맥적과기
603991,지정도화고분자재료
603992,XIAMEN SOLEX HIGH-
603993,낙양몰리브덴
603995,ZHEJIANG YONGJIN M
603996,중신과기
603997,계봉자동차부품
603998,방성제약
603999,독자전매
605001,QINGDAO VICTALL RA
605003,ZHONGWANG FABRIC C
605005,CWB AUTOMOTIVE ELE
605006,SHANDONG FIBERGLAS
605007,QUZHOU WUZHOU SPEC
605008,NINGBO CHANGHONG P
605009,HANGZHOU HAOYUE PE
605016,NINGBO DEYE TECHNO
605018,ZHEJIANG CHANGHUA
605050,FRIEND CO LTD
605055,ZHEJIANG YINGFENG
605058,CHANGZHOU AOHONG E
605060,ALLIED MACHINERY C
605066,ZHEJIANG TENGEN EL
605068,MINGXIN AUTOMOTIVE
605077,ZHEJIANG HUAKANG P
605080,ZHEJIANG NATURAL O
605081,SHANGHAI TAIHE WAT
605086,LONGYAN KAOLIN CLA
605088,GSP AUTOMOTIVE GRO
605089,SUZHOU WEIZHIXIANG
605090,JIANGXI JOVO ENERG
605098,SHANGHAI ACTION ED
605099,COCREATION GRASS C
605100,POWER HF CO LTD
605108,TONGQINGLOU CATERI
605111,WUXI NCE POWER CO
605116,AURISCO PHARMACEUT
605117,NINGBO DEYE TECHNO
605118,XIAMEN LEADING OPT
605122,CHONGQING SIFANG N
605123,WUXI PAIKE NEW MAT
605128,SHANGHAI YANPU MET
605133,JIANGSU RONGTAI IN
605136,SHANGHAI LILY&BEAU
605151,WEST SHANGHAI AUTO
605155,ZHEJIANG XIDAMEN N
605158,ZHEJIANG HUADA NEW
605166,HANGZHOU JUHESHUN NEW MATERIAL
605168,THREE S COMPANY ME
605169,XINJIANG HONGTONG
605177,ZHEJIANG EAST-ASIA
605178,BEIJING NEW SPACE
605179,ZHEJIANG YIMING FO
605180,ZHEJIANG HUASHENG
605183,QUECHEN SILICON CH
605186,SHANGHAI GENERAL H
605188,JIANGXI GUOGUANG C
605189,WUHU FUCHUN DYE AN
605196,HEBEI HUATONG WIRE
605198,YANTAI NTH ANDRE J
605199,HAINAN HULUWA PHAR
605208,SHANGHAI YONGMAOTA
605218,WAYS ELECTRON CO L
605222,SHANGHAI QIFAN CAB
605228,SHENTONG TECHNOLOG
605255,NINGBO TIP RUBBER
605258,JIANGSU XIEHE ELEC
605259,LUTIAN MACHINERY C
605266,YUNNAN JIANZHIJIA
605268,WANGLI SECURITY &
605277,XINYA ELECTRONIC C
605286,JIANGSU TONGLI RIS
605288,CHANGZHOU KAIDI ELECTRICAL
605289,SHANGHAI LUOMAN LI
605296,YUNNAN SHENNONG AG
605298,JIANGSU BIDE SCIEN
605299,SHUHUA SPORTS CO L
605300,JIAHE FOODS INDUST
605303,HANGZHOU LANDSCAPI
605305,FICONT INDUSTRY (B
605318,FSILON FURNISHING
605319,WUXI ZHENHUA AUTO
605333,KUNSHAN HUGUANG AU
605336,ZHEJIANG SANFER EL
605337,ZHE JIANG LI ZI YU
605338,ZHONGYIN BABI FOOD
605339,NAMCHOW FOOD GROUP
605358,HANGZHOU LION ELEC
605366,JIANGXI HUNGPAI NE
605368,HENAN LANTIAN GAS
605369,ZHEJIANG GONGDONG
605376,JIANGSU BOQIAN NEW
605377,HANGZHOU HUAWANG N
605378,ZHEJIANG MUSTANG B
605388,HUBEI JUNEYAO
605389,JIANGSU CHANGLING
605398,SHANGHAI NEW CENTU
605399,JIANG XI CHENGUANG
605488,ZHEJIANG FULAI NEW
605499,EASTROC BEVERAGE (
605500,FOREST PACKAGING G
