TSM,TSM
V,V
JNJ,JNJ
BABA.K,BABA
JPM,JPM
WMT,WMT
UNH,UNH
BRKb,BRK.B
MA,MA
PG,PG
BAC,BAC
HD,HD
DIS,DIS
PFE,PFE
BRKa,BRK.A
NKE,NKE
LLY,LLY
ORCL.K,ORCL
TM,TM
KO,KO
XOM,XOM
VZ,VZ
DHR,DHR
CRM,CRM
ABT,ABT
ACN,ACN
TMO,TMO
NVS,NVS
ABBV.K,ABBV
T,T
WFC,WFC
MRK,MRK
CVX,CVX
MS,MS
SHOP.K,SHOP
NVO,NVO
MCD,MCD
MDT,MDT
SAP,SAP
UPS,UPS
NEE,NEE
SE,SE
LIN,LIN
PM,PM
BMY,BMY
UL,UL
RY,RY
UNP,UNP
C,C
HDB,HDB
BLK,BLK
SCHW.K,SCHW
GS,GS
BX,BX
AXP,AXP
RTX,RTX
AMT,AMT
BA,BA
LOW,LOW
IBM,IBM
TGT,TGT
TD,TD
SONY.K,SONY
SQ,SQ
DE,DE
EL,EL
CAT,CAT
TTE,TTE
DEO,DEO
MMM,MMM
NOW,NOW
CVS,CVS
HSBC.K,HSBC
SNAP.K,SNAP
GE,GE
SPGI.K,SPGI
GSK,GSK
BHP,BHP
VALE.K,VALE
SYK,SYK
BUD,BUD
LMT,LMT
INFY.K,INFY
PLD,PLD
ZTS,ZTS
RIO,RIO
ANTM.K,ANTM
MO,MO
UN,UN
BAM,BAM
BTI,BTI
CCI,CCI
USB,USB
TJX,TJX
BP,BP
FIS,FIS
DUK,DUK
SNOW.K,SNOW
RDSa,RDS.A
CB,CB
SHW,SHW
PNC,PNC
HCA,HCA
ENB,ENB
MMC,MMC
COF,COF
UBER.K,UBER
BNS,BNS
ABB,ABB
CNI,CNI
TFC,TFC
DELL.K,DELL
FDX,FDX
ITW,ITW
GM,GM
EW,EW
COP,COP
BDX,BDX
RDSb,RDS.B
CI,CI
MCO,MCO
MUFG.K,MUFG
SO,SO
BBL,BBL
EQNR.K,EQNR
CL,CL
WBK,WBK
ETN,ETN
ICE,ICE
NSC,NSC
IBN,IBN
BMO,BMO
STLA.K,STLA
VMW,VMW
BSX,BSX
SAN,SAN
WM,WM
D,D
AON,AON
ECL,ECL
DASH.K,DASH
UBS,UBS
NIO,NIO
APD,APD
EMR,EMR
TWLO.K,TWLO
CVNA.K,CVNA
NOC,NOC
CPNG.K,CPNG
RELX.K,RELX
TRI,TRI
PSA,PSA
PGR,PGR
GD,GD
HMC,HMC
DG,DG
KKR,KKR
HUM,HUM
PUK,PUK
TAK,TAK
MET,MET
CMG,CMG
ING,ING
CM,CM
JCI,JCI
MSCI.K,MSCI
ROP,ROP
F,F
FCX,FCX
TWTR.K,TWTR
TEL,TEL
IQV,IQV
GPN,GPN
A,A
SCCO.K,SCCO
WIT,WIT
VEEV.K,VEEV
EPD,EPD
ABEV.K,ABEV
NGG,NGG
CARR.K,CARR
INFO.K,INFO
CP,CP
SMFG.K,SMFG
NEM,NEM
LHX,LHX
KMB,KMB
PLTR.K,PLTR
TRP,TRP
DOW,DOW
BK,BK
BCE,BCE
AIG,AIG
TT,TT
DLR,DLR
RBLX.K,RBLX
APH,APH
BBVA.K,BBVA
E,E
BCS,BCS
APTV.K,APTV
LYG,LYG
SRE,SRE
RACE.K,RACE
SPG,SPG
PRU,PRU
KMI,KMI
DIDI.K,DIDI
RMD,RMD
PHG,PHG
CRH,CRH
SYY,SYY
YUM,YUM
BSMX.K,BSMX
ALL,ALL
MSI,MSI
TRV,TRV
AMX,AMX
PPG,PPG
DD,DD
PBR,PBR
SPOT.K,SPOT
DFS,DFS
OTIS.K,OTIS
RSG,RSG
IFF,IFF
EOG,EOG
CHWY.K,CHWY
MFC,MFC
AFL,AFL
STM,STM
PH,PH
CNC,CNC
SLB,SLB
BAX,BAX
CNQ,CNQ
MT,MT
HSY,HSY
NET,NET
MFG,MFG
GIS,GIS
MPC,MPC
ROK,ROK
WELL.K,WELL
PINS.K,PINS
STZ,STZ
MTD,MTD
RKT,RKT
ALC,ALC
PANW.K,PANW
GOLD.K,GOLD
PXD,PXD
EPAM.K,EPAM
NUE,NUE
AZO,AZO
FRC,FRC
NTR,NTR
GLW,GLW
HPQ,HPQ
ADM,ADM
U,U
LYB,LYB
KR,KR
DHI,DHI
CMI,CMI
NWG,NWG
HLT,HLT
NOK,NOK
TDG,TDG
CTVA.K,CTVA
WCN,WCN
AWK,AWK
CHT,CHT
PEG,PEG
WST,WST
XPEV.K,XPEV
CSAN.K,CSAN
EFX,EFX
SWK,SWK
AME,AME
ARE,ARE
MCK,MCK
AVB,AVB
ES,ES
CBRE.K,CBRE
W,W
FERG.K,FERG
EQR,EQR
ZBH,ZBH
SLF,SLF
WEC,WEC
PSX,PSX
AMP,AMP
PATH.K,PATH
HUBS.K,HUBS
KEYS.K,KEYS
STT,STT
VFC,VFC
ORAN.K,ORAN
QSR,QSR
WMB,WMB
LVS,LVS
TSN,TSN
LH,LH
AJG,AJG
BLL,BLL
TU,TU
FNV,FNV
SYF,SYF
LUV,LUV
LEN,LEN
MPLX.K,MPLX
PBRa,PBR.A
O,O
ANET.K,ANET
PAYC.K,PAYC
BBY,BBY
TEF,TEF
ITUB.K,ITUB
SU,SU
ED,ED
EC,EC
FTV,FTV
CCEP.K,CCEP
KSU,KSU
VLO,VLO
IT,IT
DB,DB
HRL,HRL
WY,WY
YUMC.K,YUMC
ALB,ALB
ET,ET
ABC,ABC
APO,APO
URI,URI
WAT,WAT
UMC,UMC
DOV,DOV
MGA,MGA
DAL,DAL
CAJ,CAJ
CS,CS
GNRC.K,GNRC
VMC,VMC
FMS,FMS
XYL,XYL
BIP,BIP
EXR,EXR
MLM,MLM
HIG,HIG
DTE,DTE
AEE,AEE
IP,IP
AVTR.K,AVTR
TLK,TLK
OKE,OKE
INVH.K,INVH
K,K
TRU,TRU
SUI,SUI
GWW,GWW
CNHI.K,CNHI
PPL,PPL
STE,STE
OXY,OXY
RNG,RNG
BKR,BKR
BEKE.K,BEKE
IX,IX
TDOC.K,TDOC
ETR,ETR
MAA,MAA
FTS,FTS
BURL.K,BURL
MKC,MKC
EIX,EIX
CCL,CCL
ZTO,ZTO
BFb,BF.B
COO,COO
FLT,FLT
VTR,VTR
IR,IR
AGR,AGR
CHD,CHD
TDY,TDY
BBD,BBD
CRL,CRL
FE,FE
CLX,CLX
LU,LU
PKX,PKX
KMX,KMX
ESS,ESS
ARES.K,ARES
HES,HES
CTLT.K,CTLT
BR,BR
PKI,PKI
RCI,RCI
WPM,WPM
MGP,MGP
HPE,HPE
DPZ,DPZ
GIB,GIB
DRE,DRE
RCL,RCL
KEY,KEY
TYL,TYL
BIO,BIO
PEAK.K,PEAK
AMC,AMC
RF,RF
UI,UI
ALLY.K,ALLY
FMX,FMX
ROL,ROL
RJF,RJF
AMCR.K,AMCR
CMS,CMS
DGX,DGX
CFG,CFG
PAGS.K,PAGS
MGM,MGM
NVR,NVR
DVN,DVN
ASX,ASX
BBDO.K,BBDO
PCG,PCG
BXP,BXP
AVY,AVY
DRI,DRI
MTB,MTB
GPC,GPC
TFX,TFX
J,J
LYV,LYV
DT,DT
SHG,SHG
KB,KB
CE,CE
PBA,PBA
MKL,MKL
HAL,HAL
IEX,IEX
SNN,SNN
WAB,WAB
JHX,JHX
BILL.K,BILL
CAG,CAG
OWL,OWL
WPP,WPP
TXT,TXT
AES,AES
VICI.K,VICI
OMC,OMC
BRO,BRO
BEN,BEN
CDAY.K,CDAY
CNP,CNP
EVRG.K,EVRG
UDR,UDR
SKM,SKM
CVE,CVE
BBWI.K,BBWI
EMN,EMN
NMR,NMR
CAH,CAH
ELS,ELS
FTCH.K,FTCH
MOH,MOH
MAS,MAS
ELAN.K,ELAN
WPC,WPC
BEPC.K,BEPC
CPT,CPT
IPG,IPG
SJM,SJM
SUZ,SUZ
VEDL.K,VEDL
CLVT.K,CLVT
ZEN,ZEN
RH,RH
L,L
ENIA.K,ENIA
AVLR.K,AVLR
AEM,AEM
FDS,FDS
DOCS.K,DOCS
WHR,WHR
CCK,CCK
LDOS.K,LDOS
DVA,DVA
FNF,FNF
PKG,PKG
VIV,VIV
SJR,SJR
MHK,MHK
ACI,ACI
FBHS.K,FBHS
NTCO.K,NTCO
PHM,PHM
ESTC.K,ESTC
AAP,AAP
AGL,AGL
HWM,HWM
WRK,WRK
LUMN.K,LUMN
CPB,CPB
WRB,WRB
TME,TME
PWR,PWR
ATO,ATO
IRM,IRM
KEP,KEP
GGG,GGG
KIM,KIM
AMH,AMH
PNR,PNR
FICO.K,FICO
LSPD.K,LSPD
TTM,TTM
CLR,CLR
EQH,EQH
ATUS.K,ATUS
SC,SC
LNC,LNC
UHS,UHS
ALLE.K,ALLE
ASAN.K,ASAN
LFC,LFC
NLY,NLY
LII,LII
CABO.K,CABO
ATH,ATH
S,S
DAR,DAR
JLL,JLL
CLF,CLF
SNA,SNA
WTRG.K,WTRG
WSM,WSM
QGEN.K,QGEN
TTC,TTC
BKI,BKI
TREX.K,TREX
CX,CX
GDDY.K,GDDY
MPW,MPW
FMC,FMC
MOS,MOS
FND,FND
GLOB.K,GLOB
GME,GME
TS,TS
CNA,CNA
TPR,TPR
UWMC.K,UWMC
PCOR.K,PCOR
SNP,SNP
DECK.K,DECK
MTN,MTN
CHGG.K,CHGG
RHI,RHI
VER,VER
AFG,AFG
YMM,YMM
IVZ,IVZ
IHG,IHG
AOS,AOS
OSH,OSH
TECK.K,TECK
GFL,GFL
BFa,BF.A
EDR,EDR
SBSW.K,SBSW
RPM,RPM
LEVI.K,LEVI
BG,BG
HUBB.K,HUBB
TPL,TPL
BAH,BAH
RE,RE
CSL,CSL
SCI,SCI
WLK,WLK
BWA,BWA
MMP,MMP
TX,TX
KL,KL
NRG,NRG
SID,SID
TEVA.K,TEVA
BEP,BEP
RDY,RDY
BLDR.K,BLDR
CUBE.K,CUBE
LAD,LAD
AGCO.K,AGCO
TFII.K,TFII
XPO,XPO
GPS,GPS
NI,NI
VIPS.K,VIPS
DLB,DLB
WAL,WAL
TAP,TAP
AEG,AEG
BHC,BHC
UGI,UGI
TRGP.K,TRGP
AIZ,AIZ
CF,CF
G,G
GL,GL
LEA,LEA
CMA,CMA
STOR.K,STOR
OC,OC
RS,RS
AQN,AQN
COLD.K,COLD
LW,LW
Y,Y
VRT,VRT
HEIa,HEI.A
LSI,LSI
DKS,DKS
BSAC.K,BSAC
ST,ST
EBR,EBR
PEN,PEN
DXC,DXC
JNPR.K,JNPR
GWRE.K,GWRE
BAP,BAP
FRT,FRT
WU,WU
MRO,MRO
WSO,WSO
PNW,PNW
ACM,ACM
ICL,ICL
OGN,OGN
SEE,SEE
BCH,BCH
SSL,SSL
FHN,FHN
NCLH.K,NCLH
ATR,ATR
RL,RL
IS,IS
VST,VST
BERY.K,BERY
CAE,CAE
HRC,HRC
ARMK.K,ARMK
BFAM.K,BFAM
JBL,JBL
PTR,PTR
DCI,DCI
CIEN.K,CIEN
JEF,JEF
YETI.K,YETI
PLAN.K,PLAN
GXO,GXO
REXR.K,REXR
TUYA.K,TUYA
SMAR.K,SMAR
SMG,SMG
TPX,TPX
ARW,ARW
SITE.K,SITE
CPRI.K,CPRI
QS,QS
ITT,ITT
ALV,ALV
WFG,WFG
NNN,NNN
KNX,KNX
HII,HII
PSXP.K,PSXP
OHI,OHI
TIXT.K,TIXT
AN,AN
KSS,KSS
NLSN.K,NLSN
NYT,NYT
VNO,VNO
WES,WES
ORI,ORI
DNB,DNB
BC,BC
WMS,WMS
PSO,PSO
AIRC.K,AIRC
OSK,OSK
GMED.K,GMED
GFI,GFI
RGA,RGA
EHC,EHC
PII,PII
BHVN.K,BHVN
AA,AA
KRC,KRC
SKX,SKX
WEX,WEX
SAM,SAM
RNR,RNR
X,X
PVH,PVH
VOYA.K,VOYA
OMF,OMF
FAF,FAF
RYAN.K,RYAN
THC,THC
MBT,MBT
GIL,GIL
KGC,KGC
USFD.K,USFD
POST.K,POST
HST,HST
OLN,OLN
STWD.K,STWD
JHG,JHG
CFR,CFR
H,H
BJ,BJ
TOL,TOL
AER,AER
OGE,OGE
FR,FR
CHE,CHE
RXN,RXN
AXTA.K,AXTA
HESM.K,HESM
BLD,BLD
EGP,EGP
SF,SF
TV,TV
RLX,RLX
CHPT.K,CHPT
IAA,IAA
SQM,SQM
ADT,ADT
HEI,HEI
RBA,RBA
PAG,PAG
ALK,ALK
AMBP.K,AMBP
YOU,YOU
CFX,CFX
WF,WF
DAVA.K,DAVA
STAG.K,STAG
WK,WK
BRX,BRX
AMG,AMG
HBI,HBI
AU,AU
MTZ,MTZ
ACC,ACC
FIGS.K,FIGS
KT,KT
MAN,MAN
NVST.K,NVST
MDU,MDU
FOUR.K,FOUR
PB,PB
FSK,FSK
SPCE.K,SPCE
AYI,AYI
WH,WH
BYD,BYD
EQT,EQT
LEG,LEG
THO,THO
COR,COR
XEC,XEC
SNX,SNX
CCJ,CCJ
CHH,CHH
COMP.K,COMP
SON,SON
MSA,MSA
EME,EME
VSCO.K,VSCO
EXP,EXP
ARD,ARD
PLNT.K,PLNT
CNM,CNM
AZEK.K,AZEK
SNV,SNV
HTA,HTA
HOG,HOG
OVV,OVV
COG,COG
LPL,LPL
GGB,GGB
PSFE.K,PSFE
RBC,RBC
CACI.K,CACI
GTLS.K,GTLS
VAC,VAC
EVR,EVR
PFGC.K,PFGC
COTY.K,COTY
HLI,HLI
NEP,NEP
SRC,SRC
BBU,BBU
QTS,QTS
BHG,BHG
PRI,PRI
GPK,GPK
TNET.K,TNET
SQSP.K,SQSP
STVN.K,STVN
FVRR.K,FVRR
INGR.K,INGR
CR,CR
WFC_pl,WFC$L
MP,MP
TKR,TKR
NYCB.K,NYCB
CUZ,CUZ
ESI,ESI
TDC,TDC
JOBY.K,JOBY
ORCC.K,ORCC
VNT,VNT
M,M
CCCS.K,CCCS
DEI,DEI
SWCH.K,SWCH
NVTA.K,NVTA
FL,FL
WCC,WCC
HLF,HLF
INSP.K,INSP
PRGO.K,PRGO
DCP,DCP
CC,CC
NVT,NVT
ASGN.K,ASGN
WTS,WTS
HUN,HUN
KBR,KBR
VVV,VVV
IDA,IDA
NCR,NCR
DOCN.K,DOCN
BB,BB
IIPR.K,IIPR
PSTG.K,PSTG
CLH,CLH
UNM,UNM
MDLA.K,MDLA
LAZ,LAZ
MCW,MCW
TMX,TMX
ELY,ELY
LPX,LPX
FLO,FLO
TIMB.K,TIMB
JWN,JWN
MMS,MMS
PHI,PHI
BWXT.K,BWXT
STN,STN
UAA,UAA
ZIM,ZIM
ESNT.K,ESNT
RYN,RYN
AEO,AEO
CIT,CIT
ASH,ASH
ASR,ASR
ADC,ADC
FLS,FLS
AWI,AWI
COUR.K,COUR
ELC,ELC
THG,THG
AMN,AMN
STZb,STZ.B
VMI,VMI
MTG,MTG
ZH,ZH
DV,DV
OLO,OLO
FCN,FCN
NEWR.K,NEWR
SAIC.K,SAIC
NSA,NSA
RLI,RLI
NOV,NOV
HHC,HHC
HE,HE
SLG,SLG
AB,AB
UA,UA
CW,CW
HAYW.K,HAYW
AL,AL
NOMD.K,NOMD
HFC,HFC
VTEX.K,VTEX
ATHM.K,ATHM
SSD,SSD
HXL,HXL
AYX,AYX
FSLY.K,FSLY
HIW,HIW
PWSC.K,PWSC
BXMT.K,BXMT
SHLX.K,SHLX
NFG,NFG
AI,AI
SAFE.K,SAFE
GTES.K,GTES
CXM,CXM
MSM,MSM
ALIT.K,ALIT
TRNO.K,TRNO
CLDR.K,CLDR
NEA,NEA
PAC,PAC
SEM,SEM
CANO.K,CANO
GRP_u,GRP.U
DDL,DDL
GRA,GRA
AXS,AXS
BKH,BKH
POR,POR
HRB,HRB
NRZ,NRZ
AQUA.K,AQUA
APG,APG
ATC,ATC
CRI,CRI
AVNT.K,AVNT
HASI.K,HASI
ADS,ADS
QTWO.K,QTWO
WBS,WBS
BAC_pl,BAC$L
JBT,JBT
KWR,KWR
HR,HR
RDN,RDN
TNL,TNL
AM,AM
REZI.K,REZI
MSP,MSP
SKLZ.K,SKLZ
SWX,SWX
ASAI.K,ASAI
STL,STL
KMPR.K,KMPR
SBS,SBS
ENV,ENV
SPR,SPR
PSB,PSB
BIGZ.K,BIGZ
LMND.K,LMND
RSKD.K,RSKD
AUY,AUY
PFSI.K,PFSI
XRX,XRX
BNL,BNL
PNM,PNM
CNS,CNS
ATKR.K,ATKR
WEBR.K,WEBR
SGFY.K,SGFY
FSR,FSR
R,R
RHP,RHP
MTH,MTH
RVLV.K,RVLV
PK,PK
UNF,UNF
BLND.K,BLND
DDS,DDS
VNE,VNE
TKC,TKC
DTM,DTM
CMC,CMC
MPLN.K,MPLN
SAIL.K,SAIL
WNS,WNS
MC,MC
HPP,HPP
CBU,CBU
NSP,NSP
SUM,SUM
PSTH.K,PSTH
CWK,CWK
MNSO.K,MNSO
DOC,DOC
UNVR.K,UNVR
AR,AR
MUSA.K,MUSA
ALSN.K,ALSN
APAM.K,APAM
CIXX.K,CIXX
JBGS.K,JBGS
SNDR.K,SNDR
OGS,OGS
SEAS.K,SEAS
SFBS.K,SFBS
BCO,BCO
GOOS.K,GOOS
BIOb,BIO.B
YSG,YSG
GOLF.K,GOLF
NVRO.K,NVRO
TGNA.K,TGNA
ARNC.K,ARNC
KBH,KBH
BKU,BKU
CWEN.K,CWEN
IGT,IGT
BOX,BOX
FUBO.K,FUBO
ENS,ENS
NAD,NAD
NVG,NVG
ORA,ORA
KFY,KFY
CCU,CCU
ADNT.K,ADNT
MSGS.K,MSGS
NEU,NEU
MXL,MXL
WWE,WWE
HRI,HRI
SSTK.K,SSTK
LXP,LXP
SR,SR
ALE,ALE
LCII.K,LCII
ROG,ROG
ABG,ABG
LTHM.K,LTHM
CNMD.K,CNMD
SXT,SXT
DNP,DNP
FNB,FNB
VZIO.K,VZIO
SHAK.K,SHAK
EPRT.K,EPRT
PSN,PSN
NJR,NJR
EPR,EPR
AGO,AGO
ETRN.K,ETRN
TRTN.K,TRTN
DQ,DQ
CIM,CIM
NOVA.K,NOVA
FN,FN
OUT,OUT
CIB,CIB
IBP,IBP
MDC,MDC
DHR_pa,DHR$A
BE,BE
RRC,RRC
TEX,TEX
ATCO.K,ATCO
BRFS.K,BRFS
FUL,FUL
WTM,WTM
DDD,DDD
MIC,MIC
ENBL.K,ENBL
BOH,BOH
AIT,AIT
TMHC.K,TMHC
SIX,SIX
BAK,BAK
SIG,SIG
SKY,SKY
DAN,DAN
CMD,CMD
SPB,SPB
PCI,PCI
SOGO.K,SOGO
AJRD.K,AJRD
EBS,EBS
TAL,TAL
HGV,HGV
DBRG.K,DBRG
KEX,KEX
CWT,CWT
EVTC.K,EVTC
AWR,AWR
MCY,MCY
KTB,KTB
ONTO.K,ONTO
UGP,UGP
APLE.K,APLE
WBT,WBT
DEN,DEN
MGY,MGY
CWH,CWH
MAC,MAC
ENIC.K,ENIC
BMEZ.K,BMEZ
GATX.K,GATX
PHR,PHR
AMRC.K,AMRC
NGVT.K,NGVT
VSH,VSH
EXG,EXG
MUR,MUR
FLOW.K,FLOW
MATX.K,MATX
FHI,FHI
OFC,OFC
LENb,LEN.B
EQC,EQC
MTDR.K,MTDR
HI,HI
PD,PD
ABM,ABM
SITC.K,SITC
ASB,ASB
EDU,EDU
CUK,CUK
HL,HL
PAY,PAY
GENI.K,GENI
ITGR.K,ITGR
WD,WD
CURV.K,CURV
BXS,BXS
AG,AG
CBT,CBT
BSTZ.K,BSTZ
NNI,NNI
GHC,GHC
KOF,KOF
CPA,CPA
WOR,WOR
SUN,SUN
HAE,HAE
BMI,BMI
KMT,KMT
CNO,CNO
RAMP.K,RAMP
GPI,GPI
AEL,AEL
PBH,PBH
STEM.K,STEM
COOK.K,COOK
AVA,AVA
PRG,PRG
AGI,AGI
TRQ,TRQ
KW,KW
FTI,FTI
WWW,WWW
OMI,OMI
MAIN.K,MAIN
TROX.K,TROX
AX,AX
BIPC.K,BIPC
ZIP,ZIP
CNNE.K,CNNE
DHR_pb,DHR$B
EAF,EAF
INST.K,INST
SWN,SWN
LAW,LAW
SWI,SWI
TRN,TRN
SJI,SJI
NHI,NHI
MD,MD
PJT,PJT
JELD.K,JELD
SPXC.K,SPXC
ALLY_pa.K,ALLY$A
DOOR.K,DOOR
ENR,ENR
BRC,BRC
RSI,RSI
SEMR.K,SEMR
CALX.K,CALX
HP,HP
UFS,UFS
MANU.K,MANU
PRMW.K,PRMW
JWa,JW.A
PEB,PEB
FIX,FIX
BSBR.K,BSBR
USM,USM
OSCR.K,OSCR
NEE_pp,NEE$P
HTH,HTH
UTF,UTF
EGHT.K,EGHT
MED,MED
TAC,TAC
TARO.K,TARO
CVA,CVA
YELP.K,YELP
TPH,TPH
SAVE.K,SAVE
MTX,MTX
LC,LC
FBP,FBP
CSTM.K,CSTM
NUS,NUS
RPAI.K,RPAI
HIPO.K,HIPO
SCL,SCL
SI,SI
FBC,FBC
JOE,JOE
RERE.K,RERE
MLI,MLI
ENLC.K,ENLC
PIPR.K,PIPR
ABR,ABR
WHD,WHD
FUN,FUN
ERJ,ERJ
GDOT.K,GDOT
AVTR_pa.K,AVTR$A
C_pn,C$N
BOOT.K,BOOT
LDI,LDI
BUR,BUR
DOMA.K,DOMA
AMWL.K,AMWL
CADE.K,CADE
UTZ,UTZ
MYTE.K,MYTE
MCG,MCG
NZF,NZF
CIG,CIG
NOAH.K,NOAH
NABL.K,NABL
MWA,MWA
AIN,AIN
B,B
FSS,FSS
BODY.K,BODY
CNX,CNX
EPC,EPC
CRC,CRC
IRT,IRT
NUV,NUV
ATI,ATI
BDC,BDC
PACK.K,PACK
GDV,GDV
AGTI.K,AGTI
VSTO.K,VSTO
WGO,WGO
SHO,SHO
ACA,ACA
BCAT.K,BCAT
EVA,EVA
LEV,LEV
ZNH,ZNH
FTAI.K,FTAI
OI,OI
BDN,BDN
PTY,PTY
EAT,EAT
KAI,KAI
NAPA.K,NAPA
CPK,CPK
RLJ,RLJ
ESE,ESE
NAC,NAC
FLR,FLR
VVNT.K,VVNT
ACH,ACH
GKOS.K,GKOS
AAT,AAT
CMP,CMP
PDM,PDM
ADX,ADX
IFS,IFS
SLQT.K,SLQT
CCS,CCS
HUYA.K,HUYA
CWENa.K,CWEN.A
TEO,TEO
HMY,HMY
VGR,VGR
MOGa,MOG.A
ETY,ETY
ANF,ANF
NEE_pq,NEE$Q
RQI,RQI
THS,THS
IBA,IBA
DY,DY
UE,UE
TDS,TDS
CGAU.K,CGAU
AZUL.K,AZUL
KAR,KAR
ARI,ARI
MSGE.K,MSGE
BKE,BKE
BSIG.K,BSIG
MAXR.K,MAXR
SAH,SAH
ADCT.K,ADCT
BCC,BCC
EVT,EVT
BSM,BSM
FCPT.K,FCPT
JPM_pc,JPM$C
GMS,GMS
BRDG.K,BRDG
OR,OR
WRE,WRE
SJW,SJW
APTV_pa.K,APTV$A
CNR,CNR
INT,INT
JPM_pm,JPM$M
JPS,JPS
EVRI.K,EVRI
RCUS.K,RCUS
EBRb,EBR.B
SBH,SBH
MFA,MFA
RIG,RIG
TWO,TWO
SM,SM
PRLB.K,PRLB
EVH,EVH
PDI,PDI
BALY.K,BALY
DEA,DEA
HTGC.K,HTGC
BGS,BGS
VLRS.K,VLRS
AMK,AMK
AVAL.K,AVAL
KEN,KEN
UNFI.K,UNFI
MYOV.K,MYOV
JKS,JKS
GSBD.K,GSBD
USA,USA
RLGY.K,RLGY
JPM_pl,JPM$L
BIG,BIG
PING.K,PING
GTN,GTN
ARGO.K,ARGO
ETWO.K,ETWO
ZUO,ZUO
MLNK.K,MLNK
UP,UP
ASZ,ASZ
BFLY.K,BFLY
NUVB.K,NUVB
JBI,JBI
RVT,RVT
BDXB.K,BDXB
USNA.K,USNA
HEP,HEP
PGRE.K,PGRE
KKR_pc,KKR$C
VAL,VAL
FBK,FBK
CPG,CPG
BDJ,BDJ
CEA,CEA
TSE,TSE
CXP,CXP
MFGP.K,MFGP
WFC_pq,WFC$Q
YPF,YPF
DM,DM
NEE_po,NEE$O
BTT,BTT
PVG,PVG
SOLN.K,SOLN
MNR,MNR
LAC,LAC
XHR,XHR
JPM_pd,JPM$D
PMT,PMT
BVN,BVN
GNW,GNW
T_pc,T$C
MHO,MHO
DSL,DSL
WFC_pz,WFC$Z
KN,KN
MEI,MEI
LNN,LNN
AKR,AKR
STAR.K,STAR
GVA,GVA
ESRT.K,ESRT
CODI.K,CODI
TY,TY
MDP,MDP
ATGE.K,ATGE
EURN.K,EURN
PRO,PRO
GNL,GNL
DRH,DRH
CNK,CNK
GAB,GAB
NPO,NPO
HNP,HNP
WOW,WOW
ALG,ALG
OCFT.K,OCFT
LBRT.K,LBRT
DLX,DLX
NS,NS
GWB,GWB
GCP,GCP
ECVT.K,ECVT
CBZ,CBZ
DKL,DKL
PFS,PFS
AVYA.K,AVYA
HNI,HNI
MTOR.K,MTOR
CDE,CDE
SKT,SKT
HMN,HMN
TSLX.K,TSLX
NTB,NTB
CEQP.K,CEQP
MKFG.K,MKFG
CVII.K,CVII
FOE,FOE
ETG,ETG
C_pk,C$K
AEVA.K,AEVA
WLL,WLL
CRS,CRS
GEF,GEF
FINV.K,FINV
CTOS.K,CTOS
TGH,TGH
CYH,CYH
NWN,NWN
AVNS.K,AVNS
JMIA.K,JMIA
LGFb,LGF.B
ERO,ERO
ELP,ELP
KRG,KRG
COF_pi,COF$I
STC,STC
CLI,CLI
SCS,SCS
WSOb,WSO.B
JPM_pk,JPM$K
MKCv,MKC.V
SPNT.K,SPNT
HBM,HBM
FPF,FPF
KAHC.K,KAHC
SCU,SCU
PNC_pp,PNC$P
SMWB.K,SMWB
MMI,MMI
ETV,ETV
VCRA.K,VCRA
BXMX.K,BXMX
WDH,WDH
BBN,BBN
EGO,EGO
CIGc,CIG.C
YEXT.K,YEXT
BTU,BTU
WMK,WMK
CBD,CBD
LZB,LZB
DAC,DAC
OXM,OXM
FDP,FDP
ZYME.K,ZYME
UIS,UIS
EB,EB
HYT,HYT
EPAC.K,EPAC
CMRE.K,CMRE
NBXG.K,NBXG
NXRT.K,NXRT
NFH,NFH
FRO,FRO
MS_pf,MS$F
NFJ,NFJ
BAC_pm,BAC$M
USAC.K,USAC
MTRN.K,MTRN
DNMR.K,DNMR
ELF,ELF
KRO,KRO
PCGU.K,PCGU
PAR,PAR
BV,BV
ALEX.K,ALEX
BAC_pb,BAC$B
DOLE.K,DOLE
GB,GB
HSC,HSC
GIC,GIC
BTZ,BTZ
USPH.K,USPH
AMRX.K,AMRX
DCUE.K,DCUE
GBX,GBX
BAC_pn,BAC$N
IPOF.K,IPOF
RGR,RGR
GTY,GTY
LRN,LRN
LADR.K,LADR
MAX,MAX
GES,GES
HKIB.K,HKIB
LTC,LTC
HYLN.K,HYLN
RWT,RWT
BRMK.K,BRMK
ERF,ERF
KAHC_u.K,KAHC.U
NMZ,NMZ
TR,TR
BIF,BIF
CVII_u.K,CVII.U
GS_pd,GS$D
ALX,ALX
TNC,TNC
GEFb,GEF.B
BPMP.K,BPMP
SA,SA
HIMS.K,HIMS
CSR,CSR
OUST.K,OUST
BST,BST
LICY.K,LICY
CPE,CPE
GPOR.K,GPOR
TEN,TEN
RKLY.K,RKLY
PRA,PRA
NE,NE
PBI,PBI
AZZ,AZZ
GFF,GFF
SAND.K,SAND
RNP,RNP
KRA,KRA
COF_pj,COF$J
HLLY.K,HLLY
PTA,PTA
FCF,FCF
BHLB.K,BHLB
T_pa,T$A
BRBR.K,BRBR
CRK,CRK
WFC_pd,WFC$D
DIN,DIN
JWSM.K,JWSM
ITCB.K,ITCB
CXW,CXW
ALL_ph,ALL$H
NRK,NRK
CVI,CVI
DAO,DAO
IDT,IDT
UVV,UVV
CUBI.K,CUBI
PGTI.K,PGTI
CLB,CLB
BARK.K,BARK
FXLV.K,FXLV
MQY,MQY
WFC_pa,WFC$A
ASPN.K,ASPN
SKIL.K,SKIL
OFG,OFG
BRSP.K,BRSP
EOS,EOS
AAC,AAC
TGP,TGP
HQH,HQH
ETW,ETW
BSX_pa,BSX$A
BKD,BKD
VRTV.K,VRTV
USB_pa,USB$A
POLY.K,POLY
MS_pk,MS$K
ASZ_u,ASZ.U
FSM,FSM
SXI,SXI
DTP,DTP
CHCT.K,CHCT
SWM,SWM
MEG,MEG
TGI,TGI
IPOF_u.K,IPOF.U
AROC.K,AROC
YALA.K,YALA
AIR,AIR
EIG,EIG
RONI.K,RONI
CTS,CTS
MODN.K,MODN
KAMN.K,KAMN
WFC_px,WFC$X
OII,OII
ENVA.K,ENVA
KREF.K,KREF
MS_pi,MS$I
BAC_po,BAC$O
DK,DK
ARCO.K,ARCO
USB_pm,USB$M
TUP,TUP
NBHC.K,NBHC
DUK_pa,DUK$A
IAG,IAG
GFLU.K,GFLU
OIBRc.K,OIBR.C
LDL,LDL
MS_pa,MS$A
AOD,AOD
GOF,GOF
CLVT_pa.K,CLVT$A
CLS,CLS
UMH,UMH
PRPB_u.K,PRPB.U
ZETA.K,ZETA
BFS,BFS
GS_pj,GS$J
DFIN.K,DFIN
C_pj,C$J
AKOb,AKO.B
MSC,MSC
MET_pf,MET$F
CCO,CCO
HZO,HZO
AWF,AWF
RC,RC
BCEI.K,BCEI
AGRO.K,AGRO
GAM,GAM
PRPB.K,PRPB
IGR,IGR
AHH,AHH
THQ,THQ
LGFa,LGF.A
GEO,GEO
FFC,FFC
CPUH.K,CPUH
OWLT.K,OWLT
ARCH.K,ARCH
AXL,AXL
C_ps,C$S
JWSM_u.K,JWSM.U
AQNU.K,AQNU
JPC,JPC
ATH_pa,ATH$A
MNRL.K,MNRL
OEC,OEC
WFC_pc,WFC$C
MYI,MYI
ACEL.K,ACEL
FREY.K,FREY
AZRE.K,AZRE
GEL,GEL
CRHC.K,CRHC
GOL,GOL
VET,VET
CRY,CRY
RPT,RPT
PBF,PBF
USB_ph,USB$H
NTST.K,NTST
ASIX.K,ASIX
REVG.K,REVG
NDMO.K,NDMO
AESC.K,AESC
DBI,DBI
FOR,FOR
MS_pe,MS$E
WDI,WDI
APSG.K,APSG
ATEN.K,ATEN
AAC_u,AAC.U
KYN,KYN
HCC,HCC
BCSF.K,BCSF
HY,HY
NEXA.K,NEXA
TFC_pr,TFC$R
AIV,AIV
CAI,CAI
ONTF.K,ONTF
RA,RA
TRTX.K,TRTX
WFC_pr,WFC$R
GMRE.K,GMRE
SPH,SPH
SMP,SMP
DLY,DLY
CNP_pb,CNP$B
JPM_pj,JPM$J
PML,PML
BY,BY
BAC_pp,BAC$P
VMO,VMO
CII,CII
INN,INN
BAC_pk,BAC$K
AIO,AIO
HCI,HCI
AKOa,AKO.A
GSAH.K,GSAH
DHT,DHT
TPB,TPB
EFC,EFC
TBI,TBI
WLKP.K,WLKP
GRC,GRC
LOMA.K,LOMA
PHK,PHK
MHD,MHD
AGM,AGM
AAN,AAN
BHE,BHE
BANC.K,BANC
GHLD.K,GHLD
SFL,SFL
CFXA.K,CFXA
NTP,NTP
BHK,BHK
IVR,IVR
STNG.K,STNG
SII,SII
BMA,BMA
PARR.K,PARR
RYI,RYI
PAM,PAM
HTD,HTD
MET_pe,MET$E
CAL,CAL
JQC,JQC
ARR,ARR
ACCO.K,ACCO
GCO,GCO
MX,MX
MTW,MTW
GATO.K,GATO
PLOW.K,PLOW
DRQ,DRQ
STT_pd,STT$D
IMAX.K,IMAX
EMD,EMD
HNGR.K,HNGR
EQH_pa,EQH$A
CPUH_u.K,CPUH.U
PFN,PFN
RFP,RFP
LGV,LGV
DBD,DBD
VVI,VVI
NMCO.K,NMCO
CRHC_u.K,CRHC.U
NIE,NIE
RAD,RAD
CAAP.K,CAAP
GHG,GHG
RFL,RFL
APGB.K,APGB
PNTM.K,PNTM
AUS,AUS
CARS.K,CARS
KOS,KOS
PDT,PDT
INSW.K,INSW
BCX,BCX
NP,NP
APSG_u.K,APSG.U
DNOW.K,DNOW
WIW,WIW
AC,AC
NIMC.K,NIMC
GCI,GCI
DESP.K,DESP
BOE,BOE
ET_pe,ET$E
DRD,DRD
GS_pk,GS$K
MYE,MYE
IIM,IIM
SYF_pa,SYF$A
NX,NX
AJAX.K,AJAX
UHT,UHT
UTL,UTL
TALO.K,TALO
ZVIA.K,ZVIA
FLNG.K,FLNG
CPLG.K,CPLG
DGNR.K,DGNR
XL,XL
CBB,CBB
FVIV.K,FVIV
LDP,LDP
PCN,PCN
BTO,BTO
NKX,NKX
IIIN.K,IIIN
SWT,SWT
RES,RES
GSAH_u.K,GSAH.U
HFRO.K,HFRO
BLE,BLE
VKQ,VKQ
USB_pr,USB$R
ATIP.K,ATIP
GOTU.K,GOTU
AJAX_u.K,AJAX.U
VGM,VGM
SCHW_pd.K,SCHW$D
VTOL.K,VTOL
IFFT.K,IFFT
EOI,EOI
NLY_pf,NLY$F
DX,DX
PZN,PZN
GS_pa,GS$A
WNC,WNC
FRC_pm,FRC$M
CEIX.K,CEIX
PLYM.K,PLYM
FTHY.K,FTHY
VTA,VTA
BOAC.K,BOAC
GNK,GNK
MOV,MOV
WTRU.K,WTRU
GIM,GIM
EXK,EXK
SNR,SNR
GPMT.K,GPMT
SHI,SHI
AVAN.K,AVAN
IQI,IQI
OPFI.K,OPFI
WFC_py,WFC$Y
NEX,NEX
SUNL.K,SUNL
BBDC.K,BBDC
GBL,GBL
PBFX.K,PBFX
CPF,CPF
ETJ,ETJ
AGX,AGX
MYD,MYD
ACRE.K,ACRE
AUS_u,AUS.U
PRTY.K,PRTY
TPC,TPC
PUMP.K,PUMP
GLP,GLP
BFK,BFK
RAAS.K,RAAS
NID,NID
RBAC.K,RBAC
GLT,GLT
GOAC.K,GOAC
CHS,CHS
BIT,BIT
LGV_u,LGV.U
ATH_pb,ATH$B
MOD,MOD
SPLP.K,SPLP
CSV,CSV
TMST.K,TMST
FPAC.K,FPAC
GSL,GSL
PNTM_u.K,PNTM.U
ECOM.K,ECOM
ATH_pc,ATH$C
CAPL.K,CAPL
COF_pl,COF$L
QUOT.K,QUOT
FVIV_u.K,FVIV.U
SPAQ.K,SPAQ
AMR,AMR
VCV,VCV
CCVI.K,CCVI
HZAC.K,HZAC
TDF,TDF
NEE_pn,NEE$N
SRI,SRI
CURO.K,CURO
WCC_pa,WCC$A
CEQP_p.K,CEQP$
WPCB.K,WPCB
UPH,UPH
VAPO.K,VAPO
FRC_pl,FRC$L
BGY,BGY
VVR,VVR
MUC,MUC
AVK,AVK
BBAR.K,BBAR
ESTE.K,ESTE
MRC,MRC
WFC_po,WFC$O
LPI,LPI
MBI,MBI
KOP,KOP
NBB,NBB
CIR,CIR
NXJ,NXJ
BAMR.K,BAMR
BLX,BLX
GHY,GHY
CNVY.K,CNVY
RMAX.K,RMAX
GPRK.K,GPRK
SLCA.K,SLCA
AMBC.K,AMBC
HIX,HIX
SCHW_pj.K,SCHW$J
TFC_po,TFC$O
TREB.K,TREB
MMD,MMD
AMAM.K,AMAM
RMO,RMO
HZON.K,HZON
THW,THW
USB_pp,USB$P
SRG,SRG
OLP,OLP
HGH,HGH
DCO,DCO
DIAX.K,DIAX
MET_pa,MET$A
CMO,CMO
MVF,MVF
MCB,MCB
FPAC_u.K,FPAC.U
VYGG.K,VYGG
NPK,NPK
BOAC_u.K,BOAC.U
ACIC.K,ACIC
BGB,BGB
VHI,VHI
ORC,ORC
BME,BME
PSA_pp,PSA$P
ALL_pg,ALL$G
KNOP.K,KNOP
FI,FI
BW,BW
CCV,CCV
MUI,MUI
HPS,HPS
EOCW_u.K,EOCW.U
AVAN_u.K,AVAN.U
ZEPP.K,ZEPP
IHC,IHC
COF_pg,COF$G
APTS.K,APTS
MUA,MUA
MIT,MIT
LEAP.K,LEAP
FSNB.K,FSNB
HVT,HVT
ALCC.K,ALCC
BLW,BLW
UAN,UAN
ETD,ETD
IFN,IFN
HOV,HOV
VEI,VEI
KEY_pi,KEY$I
APGB_u.K,APGB.U
STT_pg,STT$G
NYCB_pa.K,NYCB$A
EVC,EVC
MMU,MMU
EFT,EFT
ZEV,ZEV
DFP,DFP
NBR,NBR
REV,REV
WTTR.K,WTTR
CYD,CYD
JPI,JPI
RM,RM
NEE_pk,NEE$K
RF_pb,RF$B
VEC,VEC
NMM,NMM
RF_pc,RF$C
SXC,SXC
GOAC_u.K,GOAC.U
RBAC_u.K,RBAC.U
LEO,LEO
IPOD.K,IPOD
IGD,IGD
ATH_pd,ATH$D
NQP,NQP
UBA,UBA
GTS,GTS
MYN,MYN
HPI,HPI
PPR,PPR
AWP,AWP
MFL,MFL
LL,LL
CO,CO
HZAC_u.K,HZAC.U
EVN,EVN
CIO,CIO
AGCB.K,AGCB
CTT,CTT
JFR,JFR
LXFR.K,LXFR
VRS,VRS
TSPQ.K,TSPQ
OPY,OPY
NPCT.K,NPCT
AXS_pe,AXS$E
SPAQ_u.K,SPAQ.U
PACE.K,PACE
NI_pb,NI$B
PKO,PKO
SEAH.K,SEAH
TCS,TCS
MNR_pc,MNR$C
SBR,SBR
BRW,BRW
PSA_pl,PSA$L
FPH,FPH
CCVI_u.K,CCVI.U
CLDT.K,CLDT
ELAT.K,ELAT
AIG_pa,AIG$A
MCA,MCA
THR,THR
DPG,DPG
WPCB_u.K,WPCB.U
HLX,HLX
BZH,BZH
NCV,NCV
MS_pl,MS$L
CEL,CEL
QTS_pb,QTS$B
ALL_pb,ALL$B
ACIC_u.K,ACIC.U
KODK.K,KODK
UZD,UZD
ISD,ISD
BXC,BXC
RVI,RVI
PRPC.K,PRPC
TREB_u.K,TREB.U
DSU,DSU
HQL,HQL
FSD,FSD
DUKH.K,DUKH
CLW,CLW
HZON_u.K,HZON.U
NHF,NHF
STK,STK
EBF,EBF
VPG,VPG
JWb,JW.B
JHB,JHB
BUI,BUI
XPOF.K,XPOF
HEXO.K,HEXO
UZE,UZE
FC,FC
YTPG.K,YTPG
TWI,TWI
PV,PV
NRGX.K,NRGX
RNR_pg,RNR$G
NGAB.K,NGAB
RMT,RMT
GBAB.K,GBAB
COF_ph,COF$H
CCV_u,CCV.U
EQD,EQD
PMO,PMO
TRC,TRC
HHLA.K,HHLA
FMAC.K,FMAC
FRC_pk,FRC$K
MOTV.K,MOTV
DMS,DMS
ZME,ZME
HIO,HIO
SPNV.K,SPNV
AGAC.K,AGAC
CANG.K,CANG
STPC.K,STPC
NVGS.K,NVGS
USB_pq,USB$Q
KEY_pk,KEY$K
IIAC.K,IIAC
MIT_u,MIT.U
NSTB.K,NSTB
ETO,ETO
PDOT.K,PDOT
TPVG.K,TPVG
MBAC.K,MBAC
VGII.K,VGII
NSTC.K,NSTC
KTF,KTF
SEAH_u.K,SEAH.U
IMPX.K,IMPX
FCAX.K,FCAX
CFG_pe,CFG$E
TLGA.K,TLGA
HPF,HPF
NSTD.K,NSTD
LPG,LPG
AAQC.K,AAQC
ECC,ECC
SRLP.K,SRLP
MUX,MUX
MUJ,MUJ
IPOD_u.K,IPOD.U
PPT,PPT
NAN,NAN
RICE.K,RICE
BFZ,BFZ
SDHY.K,SDHY
SCE_pl,SCE$L
SOS,SOS
FRA,FRA
CPAC.K,CPAC
NLY_pi,NLY$I
MCS,MCS
RICE_u.K,RICE.U
AOMR.K,AOMR
CAF,CAF
KEY_pj,KEY$J
RFMZ.K,RFMZ
MHN,MHN
MIY,MIY
ZTR,ZTR
PACE_u.K,PACE.U
ARLO.K,ARLO
REX,REX
MTL,MTL
ETB,ETB
AVD,AVD
AMOV.K,AMOV
QVCC.K,QVCC
MPX,MPX
LHC,LHC
KRP,KRP
ET_pc,ET$C
MSB,MSB
TLYS.K,TLYS
ET_pd,ET$D
IPI,IPI
TDW,TDW
NLY_pg,NLY$G
UVE,UVE
TSPQ_u.K,TSPQ.U
TPGY.K,TPGY
AEL_pa,AEL$A
HIGA.K,HIGA
GPM,GPM
AUD,AUD
WSR,WSR
GUT,GUT
JRI,JRI
USX,USX
SOL,SOL
PFL,PFL
FUSE.K,FUSE
RZA,RZA
AFB,AFB
DNK,DNK
TDS_pu,TDS$U
BML_pl,BML$L
MIN,MIN
TG,TG
MLR,MLR
SNPR.K,SNPR
DEH,DEH
RFI,RFI
COF_pn,COF$N
SPFR.K,SPFR
PCPC.K,PCPC
WTI,WTI
BYM,BYM
PSPC.K,PSPC
DMYQ.K,DMYQ
NPTN.K,NPTN
YAC,YAC
PMX,PMX
SPGS.K,SPGS
NGAB_u.K,NGAB.U
ATMR.K,ATMR
NEV,NEV
UFI,UFI
MACC.K,MACC
FMAC_u.K,FMAC.U
LEAP_u.K,LEAP.U
FFA,FFA
CBAH.K,CBAH
PMM,PMM
RMM,RMM
ROSS.K,ROSS
SPNV_u.K,SPNV.U
FACT.K,FACT
EQD_u,EQD.U
GFX,GFX
SNII.K,SNII
TWNT.K,TWNT
ACII.K,ACII
SLAC.K,SLAC
SFTW_u.K,SFTW.U
RF_pe,RF$E
TWNI.K,TWNI
BEDU.K,BEDU
HHLA_u.K,HHLA.U
AGAC_u.K,AGAC.U
IIAC_u.K,IIAC.U
CBAH_u.K,CBAH.U
DSM,DSM
PV_u,PV.U
MOTV_u.K,MOTV.U
STPC_u.K,STPC.U
PCPC_u.K,PCPC.U
SGU,SGU
BEST.K,BEST
TWND.K,TWND
ENPC.K,ENPC
BKT,BKT
SB,SB
NSTB_u.K,NSTB.U
EDD,EDD
MBAC_u.K,MBAC.U
IMPX_u.K,IMPX.U
EFR,EFR
FOF,FOF
RYAM.K,RYAM
ALTG.K,ALTG
PDS,PDS
NCZ,NCZ
TPGY_u.K,TPGY.U
PDOT_u.K,PDOT.U
ASA,ASA
CLAA.K,CLAA
PRPC_u.K,PRPC.U
FACA.K,FACA
NOA,NOA
OOMA.K,OOMA
JRO,JRO
AAQC_u.K,AAQC.U
RRD,RRD
TUFN.K,TUFN
FCAX_u.K,FCAX.U
SFTW.K,SFTW
NSTC_u.K,NSTC.U
QD,QD
TLGA_u.K,TLGA.U
NSTD_u.K,NSTD.U
CPS,CPS
SWBK.K,SWBK
PMF,PMF
HIG_pg,HIG$G
OIA,OIA
BTCM.K,BTCM
VIST.K,VIST
DSX,DSX
MMT,MMT
SOR,SOR
BVH,BVH
TPGS.K,TPGS
SNV_pe,SNV$E
ANAC.K,ANAC
MCR,MCR
CSTA.K,CSTA
LND,LND
TNK,TNK
TEI,TEI
NRZ_pc,NRZ$C
MYJ,MYJ
FPI,FPI
FRC_pj,FRC$J
DLR_pl,DLR$L
BSN,BSN
ARDC.K,ARDC
DMYI.K,DMYI
BNY,BNY
CATO.K,CATO
JGH,JGH
AHT,AHT
CEPU.K,CEPU
SOAC.K,SOAC
NLS,NLS
PSF,PSF
ESM,ESM
LHC_u,LHC.U
FRXB.K,FRXB
RLJ_pa,RLJ$A
ASG,ASG
IH,IH
EXPR.K,EXPR
KIO,KIO
BNED.K,BNED
FUSE_u.K,FUSE.U
XPOA.K,XPOA
HIGA_u.K,HIGA.U
GSQD.K,GSQD
DEH_u,DEH.U
HTPA.K,HTPA
CHAA.K,CHAA
PSB_pz,PSB$Z
FSNB_u.K,FSNB.U
GPX,GPX
BH,BH
ACV,ACV
CEM,CEM
PCQ,PCQ
VOYA_pb.K,VOYA$B
HYI,HYI
EOT,EOT
CND,CND
PSA_pe,PSA$E
YAC_u,YAC.U
PEO,PEO
DBRG_pi.K,DBRG$I
RCS,RCS
PSA_pi,PSA$I
ATTO.K,ATTO
FF,FF
PIAI.K,PIAI
NNN_pf,NNN$F
TTI,TTI
SPFR_u.K,SPFR.U
SAN_pb,SAN$B
AMPI.K,AMPI
DMYQ_u.K,DMYQ.U
SNPR_u.K,SNPR.U
MVT,MVT
ATMR_u.K,ATMR.U
RONI_u.K,RONI.U
NXU,NXU
DNZ,DNZ
WPCA.K,WPCA
SPGS_u.K,SPGS.U
UZA,UZA
GFX_u,GFX.U
TINV.K,TINV
FLME.K,FLME
FRXB_u.K,FRXB.U
PSPC_u.K,PSPC.U
ROSS_u.K,ROSS.U
HUGS.K,HUGS
FACT_u.K,FACT.U
ROT,ROT
GSQD_u.K,GSQD.U
TWNT_u.K,TWNT.U
BGH,BGH
TWNI_u.K,TWNI.U
FIV,FIV
NS_pb,NS$B
STRE.K,STRE
HT,HT
CIM_pb,CIM$B
CCAC.K,CCAC
ACII_u.K,ACII.U
SLAC_u.K,SLAC.U
SNII_u.K,SNII.U
TRTL_u.K,TRTL.U
CFG_pd,CFG$D
EPWR.K,EPWR
SQZ,SQZ
MACC_u.K,MACC.U
LIII.K,LIII
IVAN.K,IVAN
CPSR.K,CPSR
MDH,MDH
ATHN.K,ATHN
KMF,KMF
VNO_pm,VNO$M
AEL_pb,AEL$B
NAT,NAT
CPTK.K,CPTK
MQT,MQT
TWND_u.K,TWND.U
PICC.K,PICC
SOI,SOI
ADEX.K,ADEX
MYC,MYC
BRT,BRT
CTAC.K,CTAC
FTEV.K,FTEV
VGII_u.K,VGII.U
FEI,FEI
SJIV.K,SJIV
ALL_pi,ALL$I
MEC,MEC
JRS,JRS
CLAA_u.K,CLAA.U
VNO_pn,VNO$N
VPV,VPV
SCE_pj,SCE$J
WIA,WIA
FRC_pi,FRC$I
IPVF.K,IPVF
MIXT.K,MIXT
GF,GF
BAC_pe,BAC$E
MUE,MUE
APO_pb,APO$B
CTO,CTO
DBRG_pj.K,DBRG$J
RKTA.K,RKTA
SWBK_u.K,SWBK.U
YRD,YRD
TGS,TGS
OIS,OIS
FOA,FOA
BKN,BKN
CND_u,CND.U
PUK_pa,PUK$A
PSA_ph,PSA$H
POND.K,POND
AJX,AJX
MCI,MCI
FCT,FCT
IPVA.K,IPVA
PSA_pg,PSA$G
DMYI_u.K,DMYI.U
CRDa,CRD.A
BSN_u,BSN.U
SOAC_u.K,SOAC.U
IACC.K,IACC
PCK,PCK
ISOS.K,ISOS
SPXX.K,SPXX
VPCC.K,VPCC
LOKB.K,LOKB
CRU,CRU
ANAC_u.K,ANAC.U
IACB.K,IACB
CLAS.K,CLAS
VNO_pl,VNO$L
NUW,NUW
SF_pd,SF$D
SCE_pk,SCE$K
PKE,PKE
CSTA_u.K,CSTA.U
HPX,HPX
VNO_pk,VNO$K
PHT,PHT
VNTR.K,VNTR
INS,INS
TYG,TYG
OACB.K,OACB
LOKM.K,LOKM
CVEO.K,CVEO
SAR,SAR
ASAQ.K,ASAQ
NCA,NCA
NPV,NPV
NUO,NUO
EQH_pc,EQH$C
AHL_pc,AHL$C
NL,NL
SD,SD
MIO,MIO
HTPA_u.K,HTPA.U
MFM,MFM
XPOA_u.K,XPOA.U
STON.K,STON
ACRO_u.K,ACRO.U
TWO_pc,TWO$C
DBL,DBL
TWO_pb,TWO$B
ESM_u,ESM.U
CHAA_u.K,CHAA.U
IIF,IIF
MGU,MGU
IVR_pc,IVR$C
BHR,BHR
CLIM.K,CLIM
BTE,BTE
BGT,BGT
TCI,TCI
PSA_pn,PSA$N
PSA_pf,PSA$F
EEX,EEX
OG,OG
WARR.K,WARR
DBRG_ph.K,DBRG$H
GHL,GHL
MHI,MHI
FST,FST
APO_pa,APO$A
NXP,NXP
DTY,DTY
TVC,TVC
SBII.K,SBII
FLME_u.K,FLME.U
TVE,TVE
ROT_u,ROT.U
NXU_u,NXU.U
FACA_u.K,FACA.U
NRZ_pb,NRZ$B
HUGS_u.K,HUGS.U
DNZ_u,DNZ.U
XYF,XYF
MAV,MAV
TINV_u.K,TINV.U
NXQ,NXQ
SCVX.K,SCVX
BML_ph,BML$H
STRE_u.K,STRE.U
TACA.K,TACA
KIM_pm,KIM$M
AMPI_u.K,AMPI.U
CIA,CIA
KCAC.K,KCAC
SCE_ph,SCE$H
DMB,DMB
TSI,TSI
CPSR_u.K,CPSR.U
CCAC_u.K,CCAC.U
CAS,CAS
EMF,EMF
WPCA_u.K,WPCA.U
LGI,LGI
CSLT.K,CSLT
MG,MG
EGGF.K,EGGF
PHD,PHD
IVAN_u.K,IVAN.U
CNF,CNF
AL_pa,AL$A
CHN,CHN
FINS.K,FINS
CORS_u.K,CORS.U
TK,TK
FVT,FVT
EMO,EMO
KCGI_u.K,KCGI.U
BOAS.K,BOAS
EPWR_u.K,EPWR.U
CTAC_u.K,CTAC.U
TMAC.K,TMAC
AHL_pd,AHL$D
MDH_u,MDH.U
OSI,OSI
WARR_u.K,WARR.U
LIII_u.K,LIII.U
GDO,GDO
ADEX_u.K,ADEX.U
CPTK_u.K,CPTK.U
SR_pa,SR$A
PICC_u.K,PICC.U
AHL_pe,AHL$E
WRB_pg,WRB$G
FTEV_u.K,FTEV.U
JCE,JCE
RNR_pf,RNR$F
SPIR.K,SPIR
VTN,VTN
NGVC.K,NGVC
HCHC.K,HCHC
FZT,FZT
LOKB_u.K,LOKB.U
RKTA_u.K,RKTA.U
TWOA.K,TWOA
NSH,NSH
PSTL.K,PSTL
PUK_p,PUK$
PIPP.K,PIPP
MTL_p,MTL$
EQHA.K,EQHA
ALP_pq,ALP$Q
CMCM.K,CMCM
EMP,EMP
ATHN_u.K,ATHN.U
OCA_u,OCA.U
IVC,IVC
VPCC_u.K,VPCC.U
POND_u.K,POND.U
MFA_pc,MFA$C
VEL,VEL
SCM,SCM
FST_u,FST.U
AGS,AGS
CIM_pc,CIM$C
ISOS_u.K,ISOS.U
LXU,LXU
OAK_pb,OAK$B
CLAS_u.K,CLAS.U
UMH_pc,UMH$C
CRU_u,CRU.U
NRP,NRP
TRCA.K,TRCA
BLUA.K,BLUA
SCD,SCD
ODC,ODC
IPVF_u.K,IPVF.U
PZC,PZC
EOD,EOD
IPVA_u.K,IPVA.U
RGS,RGS
HPX_u,HPX.U
CMO_pe,CMO$E
OCA,OCA
AEB,AEB
CINR.K,CINR
JOF,JOF
DWIN.K,DWIN
BGR,BGR
IACB_u.K,IACB.U
VHC,VHC
PSA_pj,PSA$J
ASAQ_u.K,ASAQ.U
OCN,OCN
OACB_u.K,OACB.U
PEB_ph,PEB$H
BITE.K,BITE
EGGF_u.K,EGGF.U
PDO,PDO
IDE,IDE
MTAL_u.K,MTAL.U
AFTR_u.K,AFTR.U
EVG,EVG
ETX,ETX
AFT,AFT
TWN,TWN
QFTA.K,QFTA
FLC,FLC
PSB_px,PSB$X
DHF,DHF
PEB_pg,PEB$G
PBT,PBT
QUAD.K,QUAD
OPA,OPA
CDR,CDR
PSA_pm,PSA$M
SLG_pi,SLG$I
BGSX.K,BGSX
GGT,GGT
NMG,NMG
CLIM_u.K,CLIM.U
SCVX_u.K,SCVX.U
SBG,SBG
UGIC.K,UGIC
JTD,JTD
VBF,VBF
EHI,EHI
SBII_u.K,SBII.U
KIM_pl,KIM$L
IGI,IGI
INSI.K,INSI
HBB,HBB
IHIT.K,IHIT
TACA_u.K,TACA.U
GRX,GRX
ABR_pd,ABR$D
CMS_pc,CMS$C
DLR_pk,DLR$K
SJT,SJT
IRS,IRS
FDEU.K,FDEU
KCAC_u.K,KCAC.U
MXF,MXF
BQ,BQ
NXR,NXR
NSA_pa,NSA$A
CAS_u,CAS.U
IVH,IVH
OPP,OPP
RENN.K,RENN
AENZ.K,AENZ
WRAC_u.K,WRAC.U
JCO,JCO
BBW,BBW
FVT_u,FVT.U
TMAC_u.K,TMAC.U
ATCO_ph.K,ATCO$H
OSI_u,OSI.U
AIF,AIF
NS_pa,NS$A
BOAS_u.K,BOAS.U
GGM,GGM
SMLP.K,SMLP
GSQB.K,GSQB
DS,DS
NSL,NSL
RIV,RIV
FIF,FIF
PSA_pk,PSA$K
CRDb,CRD.B
UTI,UTI
EP_pc,EP$C
EFL,EFL
BSL,BSL
SF_pc,SF$C
XFLT.K,XFLT
OSG,OSG
SCE_pg,SCE$G
FZT_u,FZT.U
HYB,HYB
SRT,SRT
HGLB.K,HGLB
KF,KF
PIPP_u.K,PIPP.U
EQHA_u.K,EQHA.U
MOGb,MOG.B
BML_pj,BML$J
DFNS.K,DFNS
LNFA.K,LNFA
CIT_pb,CIT$B
PSB_py,PSB$Y
PRE_pj,PRE$J
PINE.K,PINE
FT,FT
MLP,MLP
PMVC.K,PMVC
GAPA.K,GAPA
TRCA_u.K,TRCA.U
HZN,HZN
NYCB_pu.K,NYCB$U
BWG,BWG
SNV_pd,SNV$D
MPA,MPA
CSPR.K,CSPR
DDT,DDT
CIM_pd,CIM$D
PIM,PIM
DLR_pj,DLR$J
PMT_pb,PMT$B
JAX,JAX
GFOR.K,GFOR
SUP,SUP
FRC_ph,FRC$H
NGC,NGC
DWIN_u.K,DWIN.U
BIP_pa,BIP$A
BEP_pa,BEP$A
JDD,JDD
GNPK.K,GNPK
VIAO.K,VIAO
GAM_pb,GAM$B
NETI.K,NETI
JILL.K,JILL
SBOW.K,SBOW
MFA_pb,MFA$B
BIP_pb,BIP$B
TSQ,TSQ
OPA_u,OPA.U
ACP,ACP
LEJU.K,LEJU
GS_pc,GS$C
GAPA_u.K,GAPA.U
TDA,TDA
NR,NR
WQGA_u.K,WQGA.U
OAK_pa,OAK$A
LOKM_u.K,LOKM.U
BGSX_u.K,BGSX.U
GLOP.K,GLOP
TEAF.K,TEAF
NC,NC
MSD,MSD
NIQ,NIQ
ESGC.K,ESGC
PANA.K,PANA
PSB_pw,PSB$W
NNY,NNY
SI_pa,SI$A
TREC.K,TREC
HRTG.K,HRTG
CTA_pb,CTA$B
BGX,BGX
ATAQ.K,ATAQ
ENR_pa,ENR$A
ARL,ARL
TRTN_pc.K,TRTN$C
PFD,PFD
CBH,CBH
AHH_pa,AHH$A
HIE,HIE
ASGI.K,ASGI
BTA,BTA
KREF_pa.K,KREF$A
CLBR.K,CLBR
BOH_pa,BOH$A
JHS,JHS
NAZ,NAZ
GNPK_u.K,GNPK.U
DHX,DHX
SITC_pa.K,SITC$A
BHa,BH.A
TGP_pb,TGP$B
BXS_pa,BXS$A
WHG,WHG
DFNS_u.K,DFNS.U
FMN,FMN
IGA,IGA
SRC_pa,SRC$A
CEE,CEE
NGL,NGL
KUKE.K,KUKE
SQNS.K,SQNS
SUPV.K,SUPV
ARR_pc,ARR$C
GNL_pa,GNL$A
MN,MN
TFC_pi,TFC$I
PMVC_u.K,PMVC.U
DMO,DMO
QFTA_u.K,QFTA.U
NS_pc,NS$C
WEA,WEA
MHF,MHF
GLEO.K,GLEO
LNFA_u.K,LNFA.U
BITE_u.K,BITE.U
USDP.K,USDP
GER,GER
CULP.K,CULP
JPT,JPT
CXE,CXE
PANA_u.K,PANA.U
BORR.K,BORR
NTZ,NTZ
HT_pd,HT$D
GFOR_u.K,GFOR.U
TRTX_pc.K,TRTX$C
LCI,LCI
WMC,WMC
IBER.K,IBER
PFO,PFO
UBP,UBP
MCN,MCN
INN_pe,INN$E
FHN_pe,FHN$E
SRL,SRL
ORN,ORN
RGT,RGT
DCP_pb,DCP$B
ENPC_u.K,ENPC.U
MITT.K,MITT
SF_pb,SF$B
CCZ,CCZ
GNE,GNE
HEQ,HEQ
JHI,JHI
CTR,CTR
ATCO_pi.K,ATCO$I
NWHM.K,NWHM
NTG,NTG
AMH_pf,AMH$F
WBS_pf,WBS$F
TGH_pa,TGH$A
NRZ_pa,NRZ$A
EQC_pd,EQC$D
JTA,JTA
PEI,PEI
MNP,MNP
CFR_pb,CFR$B
TRTN_pd.K,TRTN$D
FPI_pb,FPI$B
KKR_pb,KKR$B
ACR,ACR
AGD,AGD
SFE,SFE
CBB_pb,CBB$B
FRT_pc,FRT$C
TAPa,TAP.A
ATAQ_u.K,ATAQ.U
IVR_pb,IVR$B
FHN_pf,FHN$F
PSA_po,PSA$O
CHMI.K,CHMI
TWO_pa,TWO$A
CHRA.K,CHRA
EPR_pg,EPR$G
GLEO_u.K,GLEO.U
SF_pa,SF$A
PEB_pf,PEB$F
HMLP.K,HMLP
DLNG.K,DLNG
PAI,PAI
RMI,RMI
MPV,MPV
SPLP_pa.K,SPLP$A
ARGD.K,ARGD
NGC_u,NGC.U
BSAQ_u.K,BSAQ.U
AGMa,AGM.A
CLBR_u.K,CLBR.U
CIM_pa,CIM$A
JSD,JSD
ENZ,ENZ
BGIO.K,BGIO
RFM,RFM
GLOP_pa.K,GLOP$A
ADF,ADF
EARN.K,EARN
ATA,ATA
KWAC.K,KWAC
GGZ,GGZ
DCF,DCF
TNP_pf,TNP$F
SPNT_pb.K,SPNT$B
MGF,MGF
GSQB_u.K,GSQB.U
NKG,NKG
PSEC_pa.K,PSEC$A
UMH_pd,UMH$D
JMP,JMP
KSM,KSM
NMT,NMT
STL_pa,STL$A
FPL,FPL
EDF,EDF
IHD,IHD
TRTN_pb.K,TRTN$B
HFRO_pa.K,HFRO$A
TNP,TNP
NMK_pb,NMK$B
GTNa,GTN.A
SBI,SBI
HIL,HIL
JATT_u.K,JATT.U
PCM,PCM
IBER_u.K,IBER.U
AMPY.K,AMPY
BGSF.K,BGSF
EGY,EGY
EPR_pc,EPR$C
NGL_pb,NGL$B
CMU,CMU
DRH_pa,DRH$A
NIM,NIM
FNB_pe,FNB$E
VGI,VGI
SPE,SPE
DTLA_p.K,DTLA$
PNI,PNI
NGS,NGS
SWZ,SWZ
COF_pk,COF$K
ATCO_pd.K,ATCO$D
RNGR.K,RNGR
STAR_pi.K,STAR$I
NYC,NYC
AGM_pg,AGM$G
KFS,KFS
FAM,FAM
GHM,GHM
TISI.K,TISI
EPR_pe,EPR$E
AMH_ph,AMH$H
NREF.K,NREF
TGP_pa,TGP$A
LUB,LUB
AGM_pf,AGM$F
XIN,XIN
PEB_pc,PEB$C
PEB_pd,PEB$D
CDR_pc,CDR$C
DEX,DEX
GDL,GDL
CLPR.K,CLPR
ABR_pe,ABR$E
LITB.K,LITB
FTAI_pb.K,FTAI$B
CMRE_pe.K,CMRE$E
PGP,PGP
CLDT_pa.K,CLDT$A
CORR_pa.K,CORR$A
BFS_pe,BFS$E
AAIC.K,AAIC
GCV,GCV
UBP_ph,UBP$H
EVF,EVF
PMT_pa,PMT$A
ACR_pc,ACR$C
ADF_u,ADF.U
JEQ,JEQ
SHO_ph,SHO$H
AMH_pg,AMH$G
KWAC_u.K,KWAC.U
ELVT.K,ELVT
EFC_pa,EFC$A
LXP_pc,LXP$C
SZC,SZC
EXTN.K,EXTN
ATA_u,ATA.U
EXD,EXD
DX_pc,DX$C
RC_pe,RC$E
MITT_pb.K,MITT$B
MITT_pc.K,MITT$C
JLS,JLS
ACR_pd,ACR$D
UBP_pk,UBP$K
NMI,NMI
AHT_pg,AHT$G
JEMD.K,JEMD
CIO_pa,CIO$A
GLOG_pa.K,GLOG$A
ARC,ARC
NCZ_pa,NCZ$A
CCM,CCM
GLOP_pb.K,GLOP$B
TNP_pe,TNP$E
FTAI_pc.K,FTAI$C
ENO,ENO
ASB_pe,ASB$E
PEB_pe,PEB$E
TDI,TDI
ASB_pf,ASB$F
GNT,GNT
ASC,ASC
VCIF.K,VCIF
FET,FET
CSR_pc,CSR$C
QTS_pa,QTS$A
AGM_pd,AGM$D
GAB_ph,GAB$H
NXC,NXC
FHN_pd,FHN$D
NCV_pa,NCV$A
CODI_pb.K,CODI$B
FTK,FTK
STAR_pd.K,STAR$D
EIC,EIC
GAB_pk,GAB$K
CMRE_pc.K,CMRE$C
EDN,EDN
DTF,DTF
SMHI.K,SMHI
RPT_pd,RPT$D
PGZ,PGZ
CMRE_pd.K,CMRE$D
GDV_pg,GDV$G
IAE,IAE
CODI_pc.K,CODI$C
CODI_pa.K,CODI$A
PNF,PNF
BANC_pe.K,BANC$E
BW_pa,BW$A
SHO_pi,SHO$I
ASB_pd,ASB$D
AXR,AXR
LFT,LFT
DCP_pc,DCP$C
BLUA_u.K,BLUA.U
FHS,FHS
GLOP_pc.K,GLOP$C
INN_pf,INN$F
NMK_pc,NMK$C
SMM,SMM
STG,STG
VLT,VLT
MOGU.K,MOGU
CXH,CXH
CTK,CTK
PCF,PCF
DVD,DVD
BML_pg,BML$G
FENG.K,FENG
APRN.K,APRN
VNCE.K,VNCE
ONE,ONE
EDI,EDI
NMS,NMS
RSF,RSF
HT_pe,HT$E
SFUN.K,SFUN
IHTA.K,IHTA
CUBI_pf.K,CUBI$F
MFD,MFD
AGM_pe,AGM$E
TPZ,TPZ
AHT_pi,AHT$I
GAB_pj,GAB$J
DDF,DDF
TNP_pd,TNP$D
TRTN_pa.K,TRTN$A
GNL_pb,GNL$B
AGM_pc,AGM$C
STAR_pg.K,STAR$G
FHN_pb,FHN$B
DYFN.K,DYFN
FTAI_pa.K,FTAI$A
PEI_pc,PEI$C
EEA,EEA
REXR_pc.K,REXR$C
GLP_pb,GLP$B
SB_pd,SB$D
AP,AP
BFS_pd,BFS$D
AFI,AFI
PHX,PHX
PRT,PRT
REXR_pb.K,REXR$B
FMO,FMO
CTO_pa,CTO$A
JHAA.K,JHAA
NHF_pa,NHF$A
RYB,RYB
DLNG_pa.K,DLNG$A
VYGG_u.K,VYGG.U
INN_pd,INN$D
HTY,HTY
FEO,FEO
HMLP_pa.K,HMLP$A
CSU,CSU
GLP_pa,GLP$A
CHMI_pa.K,CHMI$A
GAB_pg,GAB$G
HT_pc,HT$C
AHT_ph,AHT$H
CRT,CRT
GMRE_pa.K,GMRE$A
GDL_pc,GDL$C
JMM,JMM
MZA,MZA
SRG_pa,SRG$A
BPT,BPT
BHR_pb,BHR$B
VOC,VOC
MH_pd,MH$D
DSX_pb,DSX$B
NRT,NRT
CGA,CGA
MAA_pi,MAA$I
MVO,MVO
CTA_pa,CTA$A
CORR.K,CORR
MH_pa,MH$A
CEN,CEN
MH_pc,MH$C
IRL,IRL
CIF,CIF
NINE.K,NINE
LFT_pa,LFT$A
FGB,FGB
NM,NM
PYN,PYN
PVL,PVL
WEI,WEI
SRV,SRV
SPG_pj,SPG$J
CUBI_pe.K,CUBI$E
CUBI_pc.K,CUBI$C
FMY,FMY
SB_pc,SB$C
PYS,PYS
CAI_pa,CAI$A
FHN_pc,FHN$C
NXN,NXN
GDV_ph,GDV$H
EGF,EGF
PEI_pd,PEI$D
DLNG_pb.K,DLNG$B
OPP_pa,OPP$A
MITT_pa.K,MITT$A
GGT_pg,GGT$G
GUT_pc,GUT$C
TTP,TTP
KTN,KTN
GGT_pe,GGT$E
CMRE_pb.K,CMRE$B
CAI_pb,CAI$B
NREF_pa.K,NREF$A
MFV,MFV
NEW,NEW
HVTa,HVT.A
AHT_pd,AHT$D
SCX,SCX
CHMI_pb.K,CHMI$B
COE,COE
LAIX.K,LAIX
PIAI_u.K,PIAI.U
ALIN_pa.K,ALIN$A
JP,JP
ACP_pa,ACP$A
TY_p,TY$
JT,JT
BHR_pd,BHR$D
RMPL_p.K,RMPL$
AAIC_pb.K,AAIC$B
CMS_pb,CMS$B
PEI_pb,PEI$B
AHT_pf,AHT$F
ETI_p,ETI$
NOM,NOM
CDR_pb,CDR$B
EQS,EQS
NDP,NDP
GSL_pb,GSL$B
PRIF_pi.K,PRIF$I
PRIF_pj.K,PRIF$J
WPG,WPG
DS_pb,DS$B
ALIN_pe.K,ALIN$E
ALIN_pb.K,ALIN$B
ALTG_pa.K,ALTG$A
PYT,PYT
KTH,KTH
NNA,NNA
GSLD.K,GSLD
PRIF_pg.K,PRIF$G
GUT_pa,GUT$A
MHE,MHE
JBK,JBK
PRIF_pf.K,PRIF$F
GGZ_pa,GGZ$A
IO,IO
GNT_pa,GNT$A
ENJ,ENJ
ECCB.K,ECCB
BHV,BHV
FEDU.K,FEDU
PRIF_pd.K,PRIF$D
AAIC_pc.K,AAIC$C
ECCC.K,ECCC
XFLT_pa.K,XFLT$A
PRIF_ph.K,PRIF$H
PRIF_pe.K,PRIF$E
CUBI_pd.K,CUBI$D
RY_pt,RY$T
MXE,MXE
IIPR_pa.K,IIPR$A
CELP.K,CELP
GNE_pa,GNE$A
ICD,ICD
NGL_pc,NGL$C
RC_pc,RC$C
GJP,GJP
ARGO_pa.K,ARGO$A
DS_pd,DS$D
NM_ph,NM$H
GJH,GJH
DS_pc,DS$C
MTR,MTR
WPG_ph,WPG$H
WPG_pi,WPG$I
HL_pb,HL$B
KSU_p,KSU$
NM_pg,NM$G
AFGC.K,AFGC
AEFC.K,AEFC
AFGB.K,AFGB
AFGD.K,AFGD
AJXA.K,AJXA
BC_pb,BC$B
BC_pa,BC$A
CELG_r.K,CELG.R
DTW,DTW
DUKB.K,DUKB
EAI,EAI
GJT,GJT
GJR,GJR
GJS,GJS
GJO,GJO
INSW_pa.K,INSW$A
QVCD.K,QVCD
RCB,RCB
RCA,RCA
RZB,RZB
SBBA.K,SBBA
SFB,SFB
WALA.K,WALA
WRB_pe,WRB$E
WRB_pf,WRB$F
AFGE.K,AFGE
RIV_r_w,RIV.RV
DTB,DTB
ASPI.K,ASPI
CNO_pa,CNO$A
RCC,RCC
BWSN.K,BWSN
WRB_ph,WRB$H
OGN_w,OGNV
MRK_w,MRKV
UZF,UZF
GL_pd,GL$D
GGT_r_w,GGT.RV
GGT_r,GGT.R
AAIN.K,AAIN
GXO_w,GXOV
AAPL.O,AAPL
MSFT.O,MSFT
AMZN.O,AMZN
FB.O,FB
GOOGL.O,GOOGL
GOOG.O,GOOG
TSLA.O,TSLA
NVDA.O,NVDA
PYPL.O,PYPL
ASML.O,ASML
ADBE.O,ADBE
CMCSA.O,CMCSA
CSCO.O,CSCO
NFLX.O,NFLX
PEP.O,PEP
INTC.O,INTC
COST.O,COST
AVGO.O,AVGO
AZN.O,AZN
TMUS.O,TMUS
TXN.O,TXN
QCOM.O,QCOM
MRNA.O,MRNA
HON.O,HON
INTU.O,INTU
CHTR.O,CHTR
SBUX.O,SBUX
SNY.O,SNY
AMGN.O,AMGN
AMD.O,AMD
ISRG.O,ISRG
AMAT.O,AMAT
ZM.O,ZM
JD.O,JD
PDD.O,PDD
GILD.O,GILD
ADP.O,ADP
ABNB.O,ABNB
MDLZ.O,MDLZ
BNTX.O,BNTX
MELI.O,MELI
BKNG.O,BKNG
TEAM.O,TEAM
LRCX.O,LRCX
MU.O,MU
ILMN.O,ILMN
CSX.O,CSX
FISV.O,FISV
EQIX.O,EQIX
CME.O,CME
ADSK.O,ADSK
REGN.O,REGN
ATVI.O,ATVI
ADI.O,ADI
IDXX.O,IDXX
WDAY.O,WDAY
NTES.O,NTES
DOCU.O,DOCU
NXPI.O,NXPI
ALGN.O,ALGN
COIN.O,COIN
CRWD.O,CRWD
BIIB.O,BIIB
MNST.O,MNST
VRTX.O,VRTX
LULU.O,LULU
BIDU.O,BIDU
DXCM.O,DXCM
KLAC.O,KLAC
KDP.O,KDP
FTNT.O,FTNT
TROW.O,TROW
MRVL.O,MRVL
ROKU.O,ROKU
EBAY.O,EBAY
EXC.O,EXC
VOD.O,VOD
KHC.O,KHC
AEP.O,AEP
SNPS.O,SNPS
ROST.O,ROST
WBA.O,WBA
MAR.O,MAR
PAYX.O,PAYX
CDNS.O,CDNS
ORLY.O,ORLY
DDOG.O,DDOG
CTAS.O,CTAS
CTSH.O,CTSH
EA.O,EA
MCHP.O,MCHP
SBAC.O,SBAC
HOOD.O,HOOD
TTD.O,TTD
XEL.O,XEL
LCID.O,LCID
MTCH.O,MTCH
XLNX.O,XLNX
TSCAP.O,TSCAP
ERIC.O,ERIC
PTON.O,PTON
ZS.O,ZS
CPRT.O,CPRT
CSGP.O,CSGP
ODFL.O,ODFL
GRMN.O,GRMN
SIVB.O,SIVB
NDAQ.O,NDAQ
FAST.O,FAST
ANSS.O,ANSS
VRSK.O,VRSK
OKTA.O,OKTA
GMAB.O,GMAB
ZBRA.O,ZBRA
SWKS.O,SWKS
SGEN.O,SGEN
LI.O,LI
LBRDK.O,LBRDK
WLTW.O,WLTW
PCAR.O,PCAR
CDW.O,CDW
MXIM.O,MXIM
IBKR.O,IBKR
BGNE.O,BGNE
BILI.O,BILI
FITB.O,FITB
XP.O,XP
SIRI.O,SIRI
YNDX.O,YNDX
ETSY.O,ETSY
RYAAY.O,RYAAY
NTRS.O,NTRS
CERN.O,CERN
HZNP.O,HZNP
ALNY.O,ALNY
RPRX.O,RPRX
VRSN.O,VRSN
VIAC.O,VIAC
MDB.O,MDB
SPLK.O,SPLK
ZI.O,ZI
DLTR.O,DLTR
APP.O,APP
DISH.O,DISH
TRMB.O,TRMB
ENPH.O,ENPH
HBAN.O,HBAN
TSCO.O,TSCO
XM.O,XM
EXPE.O,EXPE
EXPD.O,EXPD
PODD.O,PODD
MPWR.O,MPWR
DKNG.O,DKNG
STX.O,STX
QRVO.O,QRVO
TW.O,TW
CINF.O,CINF
ULTA.O,ULTA
HOLX.O,HOLX
SSNC.O,SSNC
POOL.O,POOL
ICLR.O,ICLR
TER.O,TER
TTWO.O,TTWO
LOGI.O,LOGI
WDC.O,WDC
AKAM.O,AKAM
TECH.O,TECH
JBHT.O,JBHT
GRUB.O,GRUB
ON.O,ON
WMG.O,WMG
TXG.O,TXG
NTAP.O,NTAP
MKTX.O,MKTX
CZR.O,CZR
VTRS.O,VTRS
PFG.O,PFG
BSY.O,BSY
NVAX.O,NVAX
Z.O,Z
NUAN.O,NUAN
CG.O,CG
NICE.O,NICE
AFRM.O,AFRM
INCY.O,INCY
ACGL.O,ACGL
LYFT.O,LYFT
CHKP.O,CHKP
PPD.O,PPD
EXAS.O,EXAS
ARGX.O,ARGX
UPST.O,UPST
STNE.O,STNE
LNT.O,LNT
IEP.O,IEP
TCOM.O,TCOM
COUP.O,COUP
ENTG.O,ENTG
MASI.O,MASI
MRVI.O,MRVI
NLOK.O,NLOK
PTC.O,PTC
SBNY.O,SBNY
ABMD.O,ABMD
PLUG.O,PLUG
LKQ.O,LKQ
UAL.O,UAL
CGNX.O,CGNX
OTEX.O,OTEX
DLO.O,DLO
RGEN.O,RGEN
STLD.O,STLD
SEDG.O,SEDG
NVCR.O,NVCR
HTHT.O,HTHT
BMRN.O,BMRN
GDRX.O,GDRX
PCTY.O,PCTY
CFLT.O,CFLT
BZ.O,BZ
MQ.O,MQ
MNDY.O,MNDY
HAS.O,HAS
ZLAB.O,ZLAB
XRAY.O,XRAY
NDSN.O,NDSN
FUTU.O,FUTU
JKHY.O,JKHY
FANG.O,FANG
UHAL.O,UHAL
CTXS.O,CTXS
BRKR.O,BRKR
AAL.O,AAL
FIVE.O,FIVE
CVAC.O,CVAC
FIVN.O,FIVN
DBX.O,DBX
FFIV.O,FFIV
AXON.O,AXON
CHRW.O,CHRW
FOXA.O,FOXA
LPLA.O,LPLA
MORN.O,MORN
NTLA.O,NTLA
WIX.O,WIX
GLPI.O,GLPI
MCFE.O,MCFE
IAC.O,IAC
LAMR.O,LAMR
REG.O,REG
HST.O,HST
SOFI.O,SOFI
HSIC.O,HSIC
LSXMK.O,LSXMK
NWL.O,NWL
WYNN.O,WYNN
OZON.O,OZON
WB.O,WB
PEGA.O,PEGA
LBTYK.O,LBTYK
EWBC.O,EWBC
PENN.O,PENN
DOX.O,DOX
GH.O,GH
PFPT.O,PFPT
GLBE.O,GLBE
CREE.O,CREE
MANH.O,MANH
FSLR.O,FSLR
GDS.O,GDS
MIDD.O,MIDD
PLTK.O,PLTK
FWONK.O,FWONK
OTLY.O,OTLY
NTRA.O,NTRA
CONE.O,CONE
OLED.O,OLED
SYNH.O,SYNH
CRSP.O,CRSP
UTHR.O,UTHR
CACC.O,CACC
NWSA.O,NWSA
RUN.O,RUN
ARCC.O,ARCC
ZNGA.O,ZNGA
DISCK.O,DISCK
BMBL.O,BMBL
OPEN.O,OPEN
IPGP.O,IPGP
ZION.O,ZION
FLEX.O,FLEX
NBIX.O,NBIX
SEIC.O,SEIC
CROX.O,CROX
AZPN.O,AZPN
FOX.O,FOX
AGNC.O,AGNC
CNXC.O,CNXC
JAZZ.O,JAZZ
LECO.O,LECO
FSV.O,FSV
CBSH.O,CBSH
FATE.O,FATE
ERIE.O,ERIE
MKSI.O,MKSI
LSCC.O,LSCC
GNTX.O,GNTX
XLRN.O,XLRN
NTNX.O,NTNX
MAT.O,MAT
WWD.O,WWD
BYND.O,BYND
RGLD.O,RGLD
FCNCA.O,FCNCA
CASY.O,CASY
BBIO.O,BBIO
TTEK.O,TTEK
PNFP.O,PNFP
MRTX.O,MRTX
CHDN.O,CHDN
TNDM.O,TNDM
HCM.O,HCM
EEFT.O,EEFT
SLAB.O,SLAB
PAA.O,PAA
FFIN.O,FFIN
PBCT.O,PBCT
CGC.O,CGC
IQ.O,IQ
STAA.O,STAA
APPN.O,APPN
BEAM.O,BEAM
LZ.O,LZ
PPC.O,PPC
ARVL.O,ARVL
LFUS.O,LFUS
DOOO.O,DOOO
SWAV.O,SWAV
COLM.O,COLM
CHNG.O,CHNG
TSP.O,TSP
OMCL.O,OMCL
ASND.O,ASND
SHC.O,SHC
MSTR.O,MSTR
SGMS.O,SGMS
SAIA.O,SAIA
IIVI.O,IIVI
ZG.O,ZG
MEDP.O,MEDP
BL.O,BL
FOXF.O,FOXF
APA.O,APA
ESLT.O,ESLT
ARWR.O,ARWR
DNLI.O,DNLI
NEGG.O,NEGG
TXRH.O,TXRH
EXPI.O,EXPI
JCOM.O,JCOM
SRPT.O,SRPT
REYN.O,REYN
CYBR.O,CYBR
WSC.O,WSC
RPD.O,RPD
DSGX.O,DSGX
VRNS.O,VRNS
LITE.O,LITE
IART.O,IART
BPOP.O,BPOP
AVGOP.O,AVGOP
AMED.O,AMED
CAR.O,CAR
LSTR.O,LSTR
PYCR.O,PYCR
NXST.O,NXST
SRCL.O,SRCL
AMKR.O,AMKR
RARE.O,RARE
CRCT.O,CRCT
STMP.O,STMP
EXEL.O,EXEL
BOKF.O,BOKF
WOOF.O,WOOF
SYNA.O,SYNA
COHR.O,COHR
EXPO.O,EXPO
TLRY.O,TLRY
INOV.O,INOV
KC.O,KC
NCNO.O,NCNO
BRKS.O,BRKS
POWI.O,POWI
KRNT.O,KRNT
HALO.O,HALO
CIGI.O,CIGI
SLM.O,SLM
ROLL.O,ROLL
HELE.O,HELE
LHCG.O,LHCG
MLCO.O,MLCO
LEGN.O,LEGN
ACHC.O,ACHC
TFSL.O,TFSL
FRPT.O,FRPT
SPT.O,SPT
CDK.O,CDK
DCT.O,DCT
BPMC.O,BPMC
LAZR.O,LAZR
NFE.O,NFE
EVBG.O,EVBG
RCM.O,RCM
OLLI.O,OLLI
IONS.O,IONS
VIR.O,VIR
PACB.O,PACB
OZK.O,OZK
NATI.O,NATI
CHK.O,CHK
ALTR.O,ALTR
PAAS.O,PAAS
ALGM.O,ALGM
VLY.O,VLY
JOBS.O,JOBS
WEN.O,WEN
LANC.O,LANC
NEO.O,NEO
UPWK.O,UPWK
IRDM.O,IRDM
HQY.O,HQY
VICR.O,VICR
ANAT.O,ANAT
SIGI.O,SIGI
GBCI.O,GBCI
ANGI.O,ANGI
APLS.O,APLS
NOVT.O,NOVT
QDEL.O,QDEL
LBTYA.O,LBTYA
LFST.O,LFST
GSHD.O,GSHD
DUOL.O,DUOL
WING.O,WING
RDFN.O,RDFN
SSB.O,SSB
CELH.O,CELH
APPS.O,APPS
VMEO.O,VMEO
SHLS.O,SHLS
SONO.O,SONO
DISCA.O,DISCA
TTEC.O,TTEC
VIRT.O,VIRT
TWST.O,TWST
LAWS.O,LAWS
LBRDA.O,LBRDA
IMAB.O,IMAB
PACW.O,PACW
HLNE.O,HLNE
RRR.O,RRR
JBLU.O,JBLU
ALKS.O,ALKS
OCDX.O,OCDX
PZZA.O,PZZA
ABCM.O,ABCM
DSEY.O,DSEY
LSXMA.O,LSXMA
ESGR.O,ESGR
NEOG.O,NEOG
ABCL.O,ABCL
SLGN.O,SLGN
KOD.O,KOD
UBSI.O,UBSI
UFPI.O,UFPI
ALLK.O,ALLK
DRVN.O,DRVN
TRIP.O,TRIP
CRUS.O,CRUS
ENSG.O,ENSG
PINC.O,PINC
EYE.O,EYE
NWS.O,NWS
DADA.O,DADA
UMBF.O,UMBF
CHX.O,CHX
GT.O,GT
BLDP.O,BLDP
UMPQ.O,UMPQ
APPF.O,APPF
TENB.O,TENB
WISH.O,WISH
STEP.O,STEP
SAFM.O,SAFM
LESL.O,LESL
ADPT.O,ADPT
TASK.O,TASK
ARVN.O,ARVN
LIVN.O,LIVN
QLYS.O,QLYS
AY.O,AY
QRTEA.O,QRTEA
SPSC.O,SPSC
CRNC.O,CRNC
SFIX.O,SFIX
BCPC.O,BCPC
LPRO.O,LPRO
LPSN.O,LPSN
CERT.O,CERT
KNSL.O,KNSL
SAVA.O,SAVA
EDIT.O,EDIT
WTFC.O,WTFC
HAIN.O,HAIN
AMEH.O,AMEH
ICUI.O,ICUI
FEYE.O,FEYE
INMD.O,INMD
SMTC.O,SMTC
KNBE.O,KNBE
BIGC.O,BIGC
AVT.O,AVT
RETA.O,RETA
RCII.O,RCII
FLYW.O,FLYW
EXLS.O,EXLS
MTSI.O,MTSI
DIOD.O,DIOD
ALRM.O,ALRM
FIZZ.O,FIZZ
KLIC.O,KLIC
HWC.O,HWC
IBRX.O,IBRX
SANA.O,SANA
HEPS.O,HEPS
BHF.O,BHF
OPCH.O,OPCH
SDGR.O,SDGR
GLPG.O,GLPG
PGNY.O,PGNY
NKLA.O,NKLA
AMRS.O,AMRS
MIME.O,MIME
PDCE.O,PDCE
TIGO.O,TIGO
LOPE.O,LOPE
COKE.O,COKE
FELE.O,FELE
AIMC.O,AIMC
JAMF.O,JAMF
VSAT.O,VSAT
CSOD.O,CSOD
MMSI.O,MMSI
FRHC.O,FRHC
LGIH.O,LGIH
CD.O,CD
SITM.O,SITM
VRM.O,VRM
PPBI.O,PPBI
NAVI.O,NAVI
CDNA.O,CDNA
SWTX.O,SWTX
VIAV.O,VIAV
SPWR.O,SPWR
ACIW.O,ACIW
GRFS.O,GRFS
SGRY.O,SGRY
EVCM.O,EVCM
NARI.O,NARI
FTDR.O,FTDR
HOMB.O,HOMB
SBRA.O,SBRA
CCMP.O,CCMP
FHB.O,FHB
AAON.O,AAON
EBC.O,EBC
FOCS.O,FOCS
TRUP.O,TRUP
LYEL.O,LYEL
FA.O,FA
CWST.O,CWST
URBN.O,URBN
BRP.O,BRP
ITRI.O,ITRI
FROG.O,FROG
ALHC.O,ALHC
SSRM.O,SSRM
PRFT.O,PRFT
CCOI.O,CCOI
CVLT.O,CVLT
ISBC.O,ISBC
MGNI.O,MGNI
BECN.O,BECN
FCFS.O,FCFS
ABCB.O,ABCB
MANT.O,MANT
SABR.O,SABR
SMPL.O,SMPL
CERE.O,CERE
ATRC.O,ATRC
NSIT.O,NSIT
ALGT.O,ALGT
MTTR.O,MTTR
ME.O,ME
PRVA.O,PRVA
CLOV.O,CLOV
RXRX.O,RXRX
PCH.O,PCH
NWE.O,NWE
ASO.O,ASO
OLK.O,OLK
VG.O,VG
IOVA.O,IOVA
SHOO.O,SHOO
COOP.O,COOP
TPTX.O,TPTX
IHRT.O,IHRT
AMBA.O,AMBA
TCBI.O,TCBI
BLKB.O,BLKB
WDFC.O,WDFC
ULCC.O,ULCC
CBRL.O,CBRL
CARG.O,CARG
ONEM.O,ONEM
AXNX.O,AXNX
ACVA.O,ACVA
TGTX.O,TGTX
AEIS.O,AEIS
CVET.O,CVET
YY.O,YY
PSEC.O,PSEC
ALLO.O,ALLO
API.O,API
AHCO.O,AHCO
KRTX.O,KRTX
WERN.O,WERN
JJSF.O,JJSF
SFNC.O,SFNC
DORM.O,DORM
VC.O,VC
NUVA.O,NUVA
XMTR.O,XMTR
PAYO.O,PAYO
CATY.O,CATY
MARA.O,MARA
RLAY.O,RLAY
UNIT.O,UNIT
IBTX.O,IBTX
FYBR.O,FYBR
REE.O,REE
OSTK.O,OSTK
COMM.O,COMM
LAUR.O,LAUR
ADV.O,ADV
ARNA.O,ARNA
MGEE.O,MGEE
ADGI.O,ADGI
MRCY.O,MRCY
TSEM.O,TSEM
PDCO.O,PDCO
SKIN.O,SKIN
CSQ.O,CSQ
MNTV.O,MNTV
IAS.O,IAS
AUB.O,AUB
HSKA.O,HSKA
CTKB.O,CTKB
TBIO.O,TBIO
VERV.O,VERV
VERX.O,VERX
SFM.O,SFM
RXT.O,RXT
KTOS.O,KTOS
FOLD.O,FOLD
FIBK.O,FIBK
VEON.O,VEON
BBBY.O,BBBY
VRNT.O,VRNT
PTCT.O,PTCT
ACAD.O,ACAD
ALXO.O,ALXO
ACCD.O,ACCD
BAND.O,BAND
RIOT.O,RIOT
ONB.O,ONB
THRM.O,THRM
CRVL.O,CRVL
CVBF.O,CVBF
PRTA.O,PRTA
MMYT.O,MMYT
FLGT.O,FLGT
DOMO.O,DOMO
TWOU.O,TWOU
VCYT.O,VCYT
MVST.O,MVST
SWIM.O,SWIM
IBOC.O,IBOC
FORM.O,FORM
GBDC.O,GBDC
CRTX.O,CRTX
INSM.O,INSM
NVMI.O,NVMI
KYMR.O,KYMR
QFIN.O,QFIN
HLIO.O,HLIO
CYTK.O,CYTK
UCBI.O,UCBI
COLB.O,COLB
AGIO.O,AGIO
MYGN.O,MYGN
REGI.O,REGI
CDLX.O,CDLX
GO.O,GO
RMBS.O,RMBS
BCRX.O,BCRX
FULT.O,FULT
HHR.O,HHR
PCRX.O,PCRX
HCAT.O,HCAT
CYRX.O,CYRX
SRNE.O,SRNE
ASTR.O,ASTR
OPK.O,OPK
MODV.O,MODV
NMRK.O,NMRK
CRSR.O,CRSR
SAGE.O,SAGE
NKTR.O,NKTR
VRRM.O,VRRM
INDB.O,INDB
BLI.O,BLI
MLHR.O,MLHR
PSMT.O,PSMT
LOB.O,LOB
MGLN.O,MGLN
PTVE.O,PTVE
AVAV.O,AVAV
SIMO.O,SIMO
ITCI.O,ITCI
BEAT.O,BEAT
SANM.O,SANM
PLXS.O,PLXS
FWRD.O,FWRD
IRBT.O,IRBT
ZNTL.O,ZNTL
MEOH.O,MEOH
ALKT.O,ALKT
VRTS.O,VRTS
NSTG.O,NSTG
LILAK.O,LILAK
MOMO.O,MOMO
VCTR.O,VCTR
AVIR.O,AVIR
CORT.O,CORT
DCBO.O,DCBO
CRON.O,CRON
VNET.O,VNET
HLMN.O,HLMN
ATAI.O,ATAI
ODP.O,ODP
ERAS.O,ERAS
CVCO.O,CVCO
VCEL.O,VCEL
IGMS.O,IGMS
ROCK.O,ROCK
EVGO.O,EVGO
HUBG.O,HUBG
DNUT.O,DNUT
PTGX.O,PTGX
TIGR.O,TIGR
IOSP.O,IOSP
CMPR.O,CMPR
SMFR.O,SMFR
FRME.O,FRME
AAWW.O,AAWW
IPAR.O,IPAR
TOWN.O,TOWN
BLMN.O,BLMN
SBGI.O,SBGI
WAFD.O,WAFD
OTTR.O,OTTR
SNBR.O,SNBR
SCPL.O,SCPL
WSBC.O,WSBC
FFBC.O,FFBC
CAKE.O,CAKE
STFC.O,STFC
AMRN.O,AMRN
TBLA.O,TBLA
ARRY.O,ARRY
CRTO.O,CRTO
JACK.O,JACK
TREE.O,TREE
SATS.O,SATS
MVIS.O,MVIS
HIMX.O,HIMX
ALEC.O,ALEC
IRWD.O,IRWD
IDCC.O,IDCC
TTGT.O,TTGT
RPAY.O,RPAY
SRNG.O,SRNG
TLND.O,TLND
CTRE.O,CTRE
WSFS.O,WSFS
SYKE.O,SYKE
RUBY.O,RUBY
SBLK.O,SBLK
PAX.O,PAX
XPER.O,XPER
CLDX.O,CLDX
FMBI.O,FMBI
AMCX.O,AMCX
SKYW.O,SKYW
SHCR.O,SHCR
MDRX.O,MDRX
INNV.O,INNV
POSH.O,POSH
BNR.O,BNR
EVOP.O,EVOP
RAVN.O,RAVN
GCMG.O,GCMG
ROIC.O,ROIC
TIL.O,TIL
CSIQ.O,CSIQ
TWNK.O,TWNK
BGCP.O,BGCP
MORF.O,MORF
GOGL.O,GOGL
SUMO.O,SUMO
OMAB.O,OMAB
RNST.O,RNST
SASR.O,SASR
XPEL.O,XPEL
TBK.O,TBK
TDUP.O,TDUP
CSWI.O,CSWI
ENVX.O,ENVX
PLMR.O,PLMR
NTCT.O,NTCT
ATSG.O,ATSG
PTRA.O,PTRA
PATK.O,PATK
RCKT.O,RCKT
PAGP.O,PAGP
HTLF.O,HTLF
FLWS.O,FLWS
CORE.O,CORE
INTA.O,INTA
PRGS.O,PRGS
RVMD.O,RVMD
BGRY.O,BGRY
KALU.O,KALU
HYZN.O,HYZN
HCSG.O,HCSG
CLBK.O,CLBK
CCCC.O,CCCC
BANR.O,BANR
WKME.O,WKME
GPRE.O,GPRE
RUSHA.O,RUSHA
FCEL.O,FCEL
AFYA.O,AFYA
TRMK.O,TRMK
NMIH.O,NMIH
DFH.O,DFH
XNCR.O,XNCR
BANF.O,BANF
SDC.O,SDC
MSEX.O,MSEX
RVNC.O,RVNC
PRAA.O,PRAA
NIU.O,NIU
MNRO.O,MNRO
STRA.O,STRA
UCTT.O,UCTT
HRMY.O,HRMY
INFN.O,INFN
HYFM.O,HYFM
SEER.O,SEER
SMCI.O,SMCI
CENTA.O,CENTA
EGBN.O,EGBN
SRNGU.O,SRNGU
BLFS.O,BLFS
EPAY.O,EPAY
SNCY.O,SNCY
LGND.O,LGND
OM.O,OM
CNTA.O,CNTA
ICFI.O,ICFI
OSIS.O,OSIS
INO.O,INO
RILY.O,RILY
SILK.O,SILK
SVC.O,SVC
ILPT.O,ILPT
WIRE.O,WIRE
CGNT.O,CGNT
ORGO.O,ORGO
ABSI.O,ABSI
EFSC.O,EFSC
SGHT.O,SGHT
SBCF.O,SBCF
VIACA.O,VIACA
MOR.O,MOR
GRWG.O,GRWG
ARCB.O,ARCB
GBT.O,GBT
ROAD.O,ROAD
TLS.O,TLS
LKFN.O,LKFN
STGW.O,STGW
VBTX.O,VBTX
HMHC.O,HMHC
QTRX.O,QTRX
HOPE.O,HOPE
MAPS.O,MAPS
OAS.O,OAS
PRPL.O,PRPL
RDNT.O,RDNT
SCR.O,SCR
NWBI.O,NWBI
AUPH.O,AUPH
AVAH.O,AVAH
BTRS.O,BTRS
MYRG.O,MYRG
MGRC.O,MGRC
BZUN.O,BZUN
NGM.O,NGM
LNTH.O,LNTH
IPSC.O,IPSC
MBUU.O,MBUU
DCPH.O,DCPH
ESTA.O,ESTA
AVPT.O,AVPT
NYMT.O,NYMT
PLAY.O,PLAY
DRNA.O,DRNA
PRCH.O,PRCH
CFFN.O,CFFN
NBTB.O,NBTB
FRTA.O,FRTA
CALM.O,CALM
WW.O,WW
ACMR.O,ACMR
LIDR.O,LIDR
GPRO.O,GPRO
CASH.O,CASH
VRTU.O,VRTU
OFLX.O,OFLX
PMVP.O,PMVP
CAMT.O,CAMT
CLNE.O,CLNE
CSGS.O,CSGS
NVEE.O,NVEE
DAWN.O,DAWN
TTMI.O,TTMI
CDMO.O,CDMO
EWCZ.O,EWCZ
WABC.O,WABC
CNDT.O,CNDT
SPNS.O,SPNS
GOCO.O,GOCO
GLUE.O,GLUE
CSTL.O,CSTL
QADA.O,QADA
PRLD.O,PRLD
GOEV.O,GOEV
ASTS.O,ASTS
MXCT.O,MXCT
SCWX.O,SCWX
CFAC.O,CFAC
GDYN.O,GDYN
BNGO.O,BNGO
CDXS.O,CDXS
ARCE.O,ARCE
PCT.O,PCT
RDWR.O,RDWR
ROVR.O,ROVR
CSII.O,CSII
PLCE.O,PLCE
SNDL.O,SNDL
TRMR.O,TRMR
GSKY.O,GSKY
SSP.O,SSP
AVXL.O,AVXL
RDCM.O,RDCM
SHEN.O,SHEN
MGNX.O,MGNX
CYXT.O,CYXT
GNOG.O,GNOG
COHU.O,COHU
CRBU.O,CRBU
SCHN.O,SCHN
ADUS.O,ADUS
ECPG.O,ECPG
SHYF.O,SHYF
JRVR.O,JRVR
SRRK.O,SRRK
OCGN.O,OCGN
PUBM.O,PUBM
REPL.O,REPL
GIII.O,GIII
DVAX.O,DVAX
SGMO.O,SGMO
BCAB.O,BCAB
ROOT.O,ROOT
MLAB.O,MLAB
ACLS.O,ACLS
PCVX.O,PCVX
CAN.O,CAN
INGN.O,INGN
GOGO.O,GOGO
FORTY.O,FORTY
LTCH.O,LTCH
BASE.O,BASE
PLUS.O,PLUS
KLTR.O,KLTR
TPIC.O,TPIC
TBBK.O,TBBK
AVO.O,AVO
MGPI.O,MGPI
NRIX.O,NRIX
AGEN.O,AGEN
LUNG.O,LUNG
QRTEP.O,QRTEP
MDGL.O,MDGL
PRTC.O,PRTC
MDXG.O,MDXG
DCOM.O,DCOM
BWMX.O,BWMX
ASTE.O,ASTE
FRG.O,FRG
GBIO.O,GBIO
IMOS.O,IMOS
TRS.O,TRS
PRIM.O,PRIM
PTEN.O,PTEN
EIGI.O,EIGI
SYBT.O,SYBT
VALN.O,VALN
IMCR.O,IMCR
NNDM.O,NNDM
RGNX.O,RGNX
QURE.O,QURE
ACB.O,ACB
HIBB.O,HIBB
NRC.O,NRC
HTLD.O,HTLD
EXTR.O,EXTR
TMCI.O,TMCI
ICVX.O,ICVX
LX.O,LX
CNTB.O,CNTB
BUSE.O,BUSE
TTCF.O,TTCF
EH.O,EH
VLDR.O,VLDR
SUPN.O,SUPN
SNEX.O,SNEX
TELL.O,TELL
SNPO.O,SNPO
GDEN.O,GDEN
ARCT.O,ARCT
NMFC.O,NMFC
AMWD.O,AMWD
OCSL.O,OCSL
OPI.O,OPI
SSYS.O,SSYS
KFRC.O,KFRC
CMPS.O,CMPS
IRTC.O,IRTC
JANX.O,JANX
JYNT.O,JYNT
KIDS.O,KIDS
NUVL.O,NUVL
BLNK.O,BLNK
PAYA.O,PAYA
ATEC.O,ATEC
AGYS.O,AGYS
RPTX.O,RPTX
BLUE.O,BLUE
OCFC.O,OCFC
MRTN.O,MRTN
KRYS.O,KRYS
YMAB.O,YMAB
GRBK.O,GRBK
PWP.O,PWP
RMR.O,RMR
SAFT.O,SAFT
USCR.O,USCR
CDEV.O,CDEV
CMCO.O,CMCO
QQQX.O,QQQX
WRLD.O,WRLD
IMKTA.O,IMKTA
APR.O,APR
CGEM.O,CGEM
AVID.O,AVID
PGEN.O,PGEN
CHCO.O,CHCO
FARO.O,FARO
SBSI.O,SBSI
LMAT.O,LMAT
RTPY.O,RTPY
HEES.O,HEES
NKTX.O,NKTX
CNXN.O,CNXN
ATRI.O,ATRI
TVTX.O,TVTX
EVLV.O,EVLV
RADI.O,RADI
ALVR.O,ALVR
FBNC.O,FBNC
STBA.O,STBA
MTLS.O,MTLS
MCRI.O,MCRI
TCBK.O,TCBK
LE.O,LE
MNTK.O,MNTK
JOUT.O,JOUT
CHY.O,CHY
UXIN.O,UXIN
WKHS.O,WKHS
HOLI.O,HOLI
INDI.O,INDI
PI.O,PI
ZEAL.O,ZEAL
SRCE.O,SRCE
GRPH.O,GRPH
SWBI.O,SWBI
INVA.O,INVA
NNOX.O,NNOX
BRKL.O,BRKL
ECOL.O,ECOL
SCHL.O,SCHL
EHTH.O,EHTH
CNOB.O,CNOB
ICHR.O,ICHR
AMTI.O,AMTI
REAL.O,REAL
GLNG.O,GLNG
AMSF.O,AMSF
TVTY.O,TVTY
VNOM.O,VNOM
CHRS.O,CHRS
ADTN.O,ADTN
SOPH.O,SOPH
UPLD.O,UPLD
DOYU.O,DOYU
FGEN.O,FGEN
IMGN.O,IMGN
QSI.O,QSI
COWN.O,COWN
GTH.O,GTH
KRON.O,KRON
CHEF.O,CHEF
HURN.O,HURN
HRTX.O,HRTX
PFC.O,PFC
VREX.O,VREX
SBTX.O,SBTX
FWONA.O,FWONA
CHI.O,CHI
FFWM.O,FFWM
MATW.O,MATW
ATRA.O,ATRA
ALTM.O,ALTM
EBSB.O,EBSB
KURA.O,KURA
ERII.O,ERII
PLYA.O,PLYA
FMTX.O,FMTX
OLMA.O,OLMA
LASR.O,LASR
CRMT.O,CRMT
INBX.O,INBX
AUDC.O,AUDC
HERA.O,HERA
KARO.O,KARO
OMGA.O,OMGA
VECO.O,VECO
ATEX.O,ATEX
ANGO.O,ANGO
STKL.O,STKL
APOG.O,APOG
NTGR.O,NTGR
MF.O,MF
CENX.O,CENX
XOG.O,XOG
THRY.O,THRY
OTMO.O,OTMO
BATRK.O,BATRK
OPRX.O,OPRX
KRNY.O,KRNY
OPRA.O,OPRA
GEVO.O,GEVO
MNKD.O,MNKD
GSM.O,GSM
SGH.O,SGH
MBIN.O,MBIN
ARKO.O,ARKO
NXGN.O,NXGN
VXRT.O,VXRT
HVBT.O,HVBT
ARLP.O,ARLP
RBCAA.O,RBCAA
ZUMZ.O,ZUMZ
TGLS.O,TGLS
PAHC.O,PAHC
MNMD.O,MNMD
GHRS.O,GHRS
WFRD.O,WFRD
ZY.O,ZY
NGMS.O,NGMS
JBSS.O,JBSS
NESR.O,NESR
OMP.O,OMP
CERS.O,CERS
IESC.O,IESC
AFIN.O,AFIN
CELU.O,CELU
HGEN.O,HGEN
GABC.O,GABC
SCVL.O,SCVL
PHAT.O,PHAT
GGAL.O,GGAL
IDEX.O,IDEX
DENN.O,DENN
GGPI.O,GGPI
ARQT.O,ARQT
CEVA.O,CEVA
ELMS.O,ELMS
ANDE.O,ANDE
RNLX.O,RNLX
RTPYU.O,RTPYU
OMIC.O,OMIC
RIDE.O,RIDE
ENTA.O,ENTA
GLDD.O,GLDD
ISEE.O,ISEE
HLIT.O,HLIT
DMTK.O,DMTK
HA.O,HA
CCXI.O,CCXI
STOK.O,STOK
OBNK.O,OBNK
EAR.O,EAR
NAUT.O,NAUT
RAPT.O,RAPT
CMBM.O,CMBM
BROG.O,BROG
HSTM.O,HSTM
TBPH.O,TBPH
RBBN.O,RBBN
INVZ.O,INVZ
AMPH.O,AMPH
OMER.O,OMER
PLBY.O,PLBY
CONX.O,CONX
MESO.O,MESO
CLAR.O,CLAR
VNDA.O,VNDA
BITF.O,BITF
XENT.O,XENT
CVGW.O,CVGW
AEPPZ.O,AEPPZ
VRAY.O,VRAY
MITK.O,MITK
LGO.O,LGO
IDYA.O,IDYA
IMVT.O,IMVT
TRVG.O,TRVG
OB.O,OB
VIEW.O,VIEW
HFWA.O,HFWA
HLG.O,HLG
MGIC.O,MGIC
IIIV.O,IIIV
ORBC.O,ORBC
WASH.O,WASH
WETF.O,WETF
LOVE.O,LOVE
SLP.O,SLP
BJRI.O,BJRI
DSP.O,DSP
PFBC.O,PFBC
AINV.O,AINV
EBIX.O,EBIX
VSTA.O,VSTA
CNSL.O,CNSL
ENDP.O,ENDP
DSGN.O,DSGN
FORR.O,FORR
QNST.O,QNST
FNKO.O,FNKO
HNST.O,HNST
BOMN.O,BOMN
DHC.O,DHC
STRO.O,STRO
RXDX.O,RXDX
LVOXU.O,LVOXU
HERAU.O,HERAU
RANI.O,RANI
PRTS.O,PRTS
ITOS.O,ITOS
NTUS.O,NTUS
FULC.O,FULC
PLL.O,PLL
AFINO.O,AFINO
RNA.O,RNA
ECHO.O,ECHO
DYN.O,DYN
HUT.O,HUT
NFBK.O,NFBK
CRNX.O,CRNX
HMST.O,HMST
KDMN.O,KDMN
KNSA.O,KNSA
VIVO.O,VIVO
STTK.O,STTK
MRSN.O,MRSN
CUTR.O,CUTR
GOOD.O,GOOD
TNYA.O,TNYA
ATLC.O,ATLC
LORL.O,LORL
NWLI.O,NWLI
USLM.O,USLM
CLCT.O,CLCT
LBAI.O,LBAI
MASS.O,MASS
INSG.O,INSG
MGI.O,MGI
TRHC.O,TRHC
HPK.O,HPK
TCPC.O,TCPC
AEPPL.O,AEPPL
ACRS.O,ACRS
MMAT.O,MMAT
HSII.O,HSII
SLRC.O,SLRC
PNT.O,PNT
OXLC.O,OXLC
ADAG.O,ADAG
EWTX.O,EWTX
PTNR.O,PTNR
PLAB.O,PLAB
FBMS.O,FBMS
POWW.O,POWW
LQDT.O,LQDT
BMTC.O,BMTC
TALK.O,TALK
FDMT.O,FDMT
BYSI.O,BYSI
PDFS.O,PDFS
PNTG.O,PNTG
BVS.O,BVS
UVSP.O,UVSP
TCMD.O,TCMD
TCX.O,TCX
AXSM.O,AXSM
VFF.O,VFF
ALTA.O,ALTA
HBNC.O,HBNC
KNTE.O,KNTE
OFIX.O,OFIX
HWKN.O,HWKN
ORGN.O,ORGN
OCUL.O,OCUL
PSNL.O,PSNL
TILE.O,TILE
ZGNX.O,ZGNX
FANH.O,FANH
SNDX.O,SNDX
SOHU.O,SOHU
ORIC.O,ORIC
BCOR.O,BCOR
SKYT.O,SKYT
QCRH.O,QCRH
PRDO.O,PRDO
SPWH.O,SPWH
GGPIU.O,GGPIU
MRUS.O,MRUS
OSPN.O,OSPN
IMTX.O,IMTX
FTCI.O,FTCI
CCRN.O,CCRN
TMDX.O,TMDX
HONE.O,HONE
CGBD.O,CGBD
SRDX.O,SRDX
OSUR.O,OSUR
CONXU.O,CONXU
TWCT.O,TWCT
ABTX.O,ABTX
PETQ.O,PETQ
VUZI.O,VUZI
VINP.O,VINP
KROS.O,KROS
ETAC.O,ETAC
SPTN.O,SPTN
LAND.O,LAND
KELYA.O,KELYA
EM.O,EM
CCD.O,CCD
VBIV.O,VBIV
AMSWA.O,AMSWA
CTBI.O,CTBI
OGI.O,OGI
IMRX.O,IMRX
SVFA.O,SVFA
LMACA.O,LMACA
SCSC.O,SCSC
SLN.O,SLN
COLL.O,COLL
SBNYP.O,SBNYP
BTWN.O,BTWN
WINA.O,WINA
MERC.O,MERC
NCBS.O,NCBS
FMBH.O,FMBH
BOOM.O,BOOM
HIII.O,HIII
ATNI.O,ATNI
VITL.O,VITL
PAE.O,PAE
APPH.O,APPH
GSBC.O,GSBC
RPID.O,RPID
ANNX.O,ANNX
GRCL.O,GRCL
AMTB.O,AMTB
SMMT.O,SMMT
MSDA.O,MSDA
CTLP.O,CTLP
LGAC.O,LGAC
XENE.O,XENE
FFIC.O,FFIC
SCOA.O,SCOA
PRAX.O,PRAX
AKRO.O,AKRO
SLAM.O,SLAM
AFMD.O,AFMD
ANAB.O,ANAB
CAC.O,CAC
AERI.O,AERI
UFCS.O,UFCS
RMNI.O,RMNI
DGII.O,DGII
AMYT.O,AMYT
BCYC.O,BCYC
FOSL.O,FOSL
PLRX.O,PLRX
LIND.O,LIND
CFB.O,CFB
CRIS.O,CRIS
HCCI.O,HCCI
OSW.O,OSW
CMLT.O,CMLT
NYXH.O,NYXH
SP.O,SP
TSC.O,TSC
LBC.O,LBC
VIACP.O,VIACP
GSEV.O,GSEV
IMXI.O,IMXI
HTBK.O,HTBK
SIBN.O,SIBN
OPRT.O,OPRT
GRPN.O,GRPN
CRAI.O,CRAI
CYT.O,CYT
TSHA.O,TSHA
BTAI.O,BTAI
RUTH.O,RUTH
BPYPM.O,BPYPM
BTBT.O,BTBT
HMPT.O,HMPT
IMGO.O,IMGO
AOSL.O,AOSL
CTRN.O,CTRN
TRIL.O,TRIL
PYR.O,PYR
RYTM.O,RYTM
UEIC.O,UEIC
LOCO.O,LOCO
AGC.O,AGC
TRMD.O,TRMD
YORW.O,YORW
KVSC.O,KVSC
PHAR.O,PHAR
PLSE.O,PLSE
GOSS.O,GOSS
CONN.O,CONN
TRST.O,TRST
RDUS.O,RDUS
ATRS.O,ATRS
CBTX.O,CBTX
AXGN.O,AXGN
EGRX.O,EGRX
CMTL.O,CMTL
ALGS.O,ALGS
HIFS.O,HIFS
MAXN.O,MAXN
SY.O,SY
CARA.O,CARA
LILA.O,LILA
STRL.O,STRL
CASS.O,CASS
EOSE.O,EOSE
TITN.O,TITN
TWCTU.O,TWCTU
CHW.O,CHW
NSSC.O,NSSC
BLBD.O,BLBD
WPRT.O,WPRT
WIFI.O,WIFI
RIGL.O,RIGL
ABOS.O,ABOS
EGLX.O,EGLX
PGC.O,PGC
CMAX.O,CMAX
CHSCO.O,CHSCO
CFIV.O,CFIV
ANIK.O,ANIK
CENT.O,CENT
ETACU.O,ETACU
ONEW.O,ONEW
BTWNU.O,BTWNU
VERI.O,VERI
NEWT.O,NEWT
QIWI.O,QIWI
SIFY.O,SIFY
PEBO.O,PEBO
CHSCL.O,CHSCL
LMACU.O,LMACU
VSEC.O,VSEC
FNCH.O,FNCH
NRXP.O,NRXP
LVOX.O,LVOX
MOLN.O,MOLN
LCA.O,LCA
BHFAN.O,BHFAN
SFT.O,SFT
ADAP.O,ADAP
SVFAU.O,SVFAU
CDZI.O,CDZI
GTHX.O,GTHX
BOWX.O,BOWX
GRVY.O,GRVY
PASG.O,PASG
CURI.O,CURI
CHUY.O,CHUY
INAQ.O,INAQ
SWIR.O,SWIR
CATC.O,CATC
BMRC.O,BMRC
IIVIP.O,IIVIP
DXPE.O,DXPE
HIIIU.O,HIIIU
CPRX.O,CPRX
MCRB.O,MCRB
RMGC.O,RMGC
EGLE.O,EGLE
PECO.O,PECO
ULH.O,ULH
BBSI.O,BBSI
CSWC.O,CSWC
VWE.O,VWE
CASA.O,CASA
AGNCP.O,AGNCP
HAFC.O,HAFC
MSDAU.O,MSDAU
DSKE.O,DSKE
JOAN.O,JOAN
SLAMU.O,SLAMU
PSTX.O,PSTX
PERI.O,PERI
TCRR.O,TCRR
SCOAU.O,SCOAU
ITRN.O,ITRN
CALT.O,CALT
DHIL.O,DHIL
DMLP.O,DMLP
GAN.O,GAN
LGACU.O,LGACU
DIBS.O,DIBS
HCKT.O,HCKT
AROW.O,AROW
MGTX.O,MGTX
MSBI.O,MSBI
ASLE.O,ASLE
PETS.O,PETS
MILE.O,MILE
AKYA.O,AKYA
REVH.O,REVH
CLLS.O,CLLS
ALBO.O,ALBO
CHSCM.O,CHSCM
GTPB.O,GTPB
DTIL.O,DTIL
CMLTU.O,CMLTU
ALLT.O,ALLT
CLFD.O,CLFD
RICK.O,RICK
KE.O,KE
GMII.O,GMII
ABST.O,ABST
BYRN.O,BYRN
PHVS.O,PHVS
EVER.O,EVER
SPNE.O,SPNE
EOLS.O,EOLS
RADA.O,RADA
EPZM.O,EPZM
XXII.O,XXII
GILT.O,GILT
VAQC.O,VAQC
FCBC.O,FCBC
VERU.O,VERU
AGCUU.O,AGCUU
TKNO.O,TKNO
AMRK.O,AMRK
FWAA.O,FWAA
CMRX.O,CMRX
MYPS.O,MYPS
CDXC.O,CDXC
AGFY.O,AGFY
MCBS.O,MCBS
FRPH.O,FRPH
BFC.O,BFC
INDT.O,INDT
HAAC.O,HAAC
IEA.O,IEA
KVSB.O,KVSB
NDLS.O,NDLS
CCAP.O,CCAP
TA.O,TA
GLSI.O,GLSI
RUSHB.O,RUSHB
LABP.O,LABP
DBVT.O,DBVT
THFF.O,THFF
HAACU.O,HAACU
ACGLN.O,ACGLN
VTGN.O,VTGN
CLVS.O,CLVS
HBANP.O,HBANP
BIOX.O,BIOX
CGEN.O,CGEN
KDNY.O,KDNY
FITBI.O,FITBI
ANZU.O,ANZU
FLDM.O,FLDM
BOWXU.O,BOWXU
FLIC.O,FLIC
TARS.O,TARS
TBCP.O,TBCP
MAAC.O,MAAC
ORMP.O,ORMP
DLTH.O,DLTH
CFIVU.O,CFIVU
WSBF.O,WSBF
ALDX.O,ALDX
PFLT.O,PFLT
TCVA.O,TCVA
XONE.O,XONE
TALS.O,TALS
DGNU.O,DGNU
CPSI.O,CPSI
WTBA.O,WTBA
ACBI.O,ACBI
FINM.O,FINM
FISI.O,FISI
LXRX.O,LXRX
SNRH.O,SNRH
MBWM.O,MBWM
JOFF.O,JOFF
OHPA.O,OHPA
HOL.O,HOL
RGP.O,RGP
EVLO.O,EVLO
VOR.O,VOR
PACX.O,PACX
DCRN.O,DCRN
LCAHU.O,LCAHU
CTAQ.O,CTAQ
REVHU.O,REVHU
VACC.O,VACC
PAVM.O,PAVM
EPHY.O,EPHY
BLDE.O,BLDE
INAQU.O,INAQU
GAIN.O,GAIN
FLGC.O,FLGC
XBIT.O,XBIT
GTX.O,GTX
APEI.O,APEI
RBB.O,RBB
SSTI.O,SSTI
MVBF.O,MVBF
ZENV.O,ZENV
ALRS.O,ALRS
MKTW.O,MKTW
COOL.O,COOL
BFST.O,BFST
ATY.O,ATY
AMAL.O,AMAL
VSTM.O,VSTM
RBNC.O,RBNC
NPCE.O,NPCE
SIGA.O,SIGA
TRNS.O,TRNS
HAYN.O,HAYN
SELB.O,SELB
GSEVU.O,GSEVU
ALT.O,ALT
RMGCU.O,RMGCU
AMOT.O,AMOT
MOFG.O,MOFG
BOLT.O,BOLT
RSVR.O,RSVR
ACIU.O,ACIU
RLYB.O,RLYB
CHSCN.O,CHSCN
ESGRP.O,ESGRP
NOTV.O,NOTV
LSXMB.O,LSXMB
BHFAP.O,BHFAP
HMTV.O,HMTV
UFPT.O,UFPT
CLMT.O,CLMT
CSTE.O,CSTE
TETC.O,TETC
KALV.O,KALV
BGFV.O,BGFV
WLDN.O,WLDN
GIGGU.O,GIGGU
MCFT.O,MCFT
BBCP.O,BBCP
EQBK.O,EQBK
SVA.O,SVA
MRAC.O,MRAC
TIG.O,TIG
NGCA.O,NGCA
ZYXI.O,ZYXI
NAAC.O,NAAC
KOPN.O,KOPN
GTPBU.O,GTPBU
LOTZ.O,LOTZ
BCOV.O,BCOV
VKTX.O,VKTX
NAKD.O,NAKD
BHFAO.O,BHFAO
ICPT.O,ICPT
GMIIU.O,GMIIU
ACGLP.O,ACGLP
IGIC.O,IGIC
HTBI.O,HTBI
SABRP.O,SABRP
CSTR.O,CSTR
GIG.O,GIG
KVSA.O,KVSA
IBCP.O,IBCP
YI.O,YI
CLNN.O,CLNN
AKBA.O,AKBA
ICLK.O,ICLK
KRT.O,KRT
KBAL.O,KBAL
SOLY.O,SOLY
GNUS.O,GNUS
FMNB.O,FMNB
BWB.O,BWB
PNNT.O,PNNT
HBT.O,HBT
FREE.O,FREE
MRNS.O,MRNS
MDCA.O,MDCA
SPRO.O,SPRO
NTRSO.O,NTRSO
AVDL.O,AVDL
MIRM.O,MIRM
PLXP.O,PLXP
ATOM.O,ATOM
IVA.O,IVA
SGOC.O,SGOC
NBTX.O,NBTX
XPDI.O,XPDI
BTAQ.O,BTAQ
MSON.O,MSON
RAIN.O,RAIN
LEGH.O,LEGH
DJCO.O,DJCO
GWRS.O,GWRS
CPAR.O,CPAR
KRUS.O,KRUS
TRIT.O,TRIT
FSBC.O,FSBC
DCRC.O,DCRC
NDAC.O,NDAC
CDAK.O,CDAK
FDUS.O,FDUS
QELL.O,QELL
CENH.O,CENH
GRTS.O,GRTS
MAACU.O,MAACU
AFIB.O,AFIB
HCIC.O,HCIC
RTLR.O,RTLR
ARTA.O,ARTA
ELYM.O,ELYM
APLT.O,APLT
TWLV.O,TWLV
KXIN.O,KXIN
GMBT.O,GMBT
KURI.O,KURI
VTIQ.O,VTIQ
HEC.O,HEC
ENNV.O,ENNV
WALD.O,WALD
CCNE.O,CCNE
LUXA.O,LUXA
RCEL.O,RCEL
SLCR.O,SLCR
AWH.O,AWH
ERES.O,ERES
GIIX.O,GIIX
KIN.O,KIN
PPGH.O,PPGH
SCLE.O,SCLE
SCOB.O,SCOB
RXRA.O,RXRA
SBEA.O,SBEA
CNBKA.O,CNBKA
FMIV.O,FMIV
TIOA.O,TIOA
AUTL.O,AUTL
COLI.O,COLI
JCIC.O,JCIC
AGNCO.O,AGNCO
RLMD.O,RLMD
DHHC.O,DHHC
ACAH.O,ACAH
IRMD.O,IRMD
HEAR.O,HEAR
OEPW.O,OEPW
GLBL.O,GLBL
PTOC.O,PTOC
ANZUU.O,ANZUU
SNRHU.O,SNRHU
CLSK.O,CLSK
SPFI.O,SPFI
FINMU.O,FINMU
FUV.O,FUV
ZT.O,ZT
GNTY.O,GNTY
OHPAU.O,OHPAU
AKTS.O,AKTS
DCRNU.O,DCRNU
CHNGU.O,CHNGU
DMRC.O,DMRC
EPHYU.O,EPHYU
GERN.O,GERN
PACXU.O,PACXU
IKNA.O,IKNA
LITT.O,LITT
ATOS.O,ATOS
BRY.O,BRY
CTAQU.O,CTAQU
TBCPU.O,TBCPU
JOFFU.O,JOFFU
NODK.O,NODK
GLAD.O,GLAD
EBON.O,EBON
LKCO.O,LKCO
EBTC.O,EBTC
SVACU.O,SVACU
NGAC.O,NGAC
DTOC.O,DTOC
AVNW.O,AVNW
SMBC.O,SMBC
LSEA.O,LSEA
ESPR.O,ESPR
DGICA.O,DGICA
HOWL.O,HOWL
OTLK.O,OTLK
SVFC.O,SVFC
CAMP.O,CAMP
VACQ.O,VACQ
COOLU.O,COOLU
VIA.O,VIA
GTYH.O,GTYH
PFDR.O,PFDR
HCAR.O,HCAR
MUDS.O,MUDS
VTNR.O,VTNR
KOR.O,KOR
METC.O,METC
CPZ.O,CPZ
ATCX.O,ATCX
OCX.O,OCX
CCBG.O,CCBG
HOFT.O,HOFT
CZNC.O,CZNC
TRIN.O,TRIN
VTRU.O,VTRU
PRQR.O,PRQR
ATAX.O,ATAX
MPAA.O,MPAA
SFST.O,SFST
PRSR.O,PRSR
MGTA.O,MGTA
PTSI.O,PTSI
BYTS.O,BYTS
ZIXI.O,ZIXI
FLMN.O,FLMN
FTHM.O,FTHM
MTEM.O,MTEM
LCUT.O,LCUT
MACQ.O,MACQ
FORE.O,FORE
OTRK.O,OTRK
HYAC.O,HYAC
PLMI.O,PLMI
PMGM.O,PMGM
RRGB.O,RRGB
STXB.O,STXB
CMII.O,CMII
GBLI.O,GBLI
BLFY.O,BLFY
RMGB.O,RMGB
CLPT.O,CLPT
PRVB.O,PRVB
NGCAU.O,NGCAU
TETCU.O,TETCU
SPPI.O,SPPI
HCNE.O,HCNE
ACQR.O,ACQR
AXDX.O,AXDX
QTT.O,QTT
LOOP.O,LOOP
BNFT.O,BNFT
CVLG.O,CVLG
SDAC.O,SDAC
VRA.O,VRA
LBTYB.O,LBTYB
SOLO.O,SOLO
ACTD.O,ACTD
NAACU.O,NAACU
HITI.O,HITI
DNAY.O,DNAY
TTSH.O,TTSH
MRACU.O,MRACU
SSAA.O,SSAA
JFU.O,JFU
FBRX.O,FBRX
SIVBP.O,SIVBP
AGGR.O,AGGR
CHPM.O,CHPM
SSSS.O,SSSS
AOUT.O,AOUT
DHCA.O,DHCA
KNDI.O,KNDI
OYST.O,OYST
FIXX.O,FIXX
RRBI.O,RRBI
BSRR.O,BSRR
HMCO.O,HMCO
AKUS.O,AKUS
DZSI.O,DZSI
FRST.O,FRST
CFVI.O,CFVI
FSRX.O,FSRX
CVRX.O,CVRX
CHSCP.O,CHSCP
SMBK.O,SMBK
MOGO.O,MOGO
TRUE.O,TRUE
AXTI.O,AXTI
DSPG.O,DSPG
FHTX.O,FHTX
BTNB.O,BTNB
LMRK.O,LMRK
SGC.O,SGC
ATHX.O,ATHX
SIC.O,SIC
HBMD.O,HBMD
CNTY.O,CNTY
SIEN.O,SIEN
TSIB.O,TSIB
KRNL.O,KRNL
ALTU.O,ALTU
KPTI.O,KPTI
XPDIU.O,XPDIU
LHDX.O,LHDX
GPAC.O,GPAC
ANIP.O,ANIP
DCRCU.O,DCRCU
IGAC.O,IGAC
ENFA.O,ENFA
COVA.O,COVA
ETNB.O,ETNB
BTAQU.O,BTAQU
GXII.O,GXII
ZIOP.O,ZIOP
VERA.O,VERA
PRTH.O,PRTH
ITIC.O,ITIC
SENEA.O,SENEA
CCB.O,CCB
EXFO.O,EXFO
ATNX.O,ATNX
MUDSU.O,MUDSU
VIOT.O,VIOT
APYX.O,APYX
AMNB.O,AMNB
INZY.O,INZY
CENHU.O,CENHU
VRNA.O,VRNA
CIVB.O,CIVB
HCICU.O,HCICU
VACQU.O,VACQU
FUSN.O,FUSN
KIII.O,KIII
KURIU.O,KURIU
IPVI.O,IPVI
FWAC.O,FWAC
GMBTU.O,GMBTU
GAMC.O,GAMC
CPAAU.O,CPAAU
TUEM.O,TUEM
SLCRU.O,SLCRU
RCKY.O,RCKY
IPLDP.O,IPLDP
KLAQ.O,KLAQ
ALTO.O,ALTO
EZPW.O,EZPW
LEGO.O,LEGO
PLPC.O,PLPC
LUXAU.O,LUXAU
ACGLO.O,ACGLO
WALDU.O,WALDU
NEXT.O,NEXT
SPKB.O,SPKB
ERESU.O,ERESU
ZTAQU.O,ZTAQU
FTCV.O,FTCV
TZPS.O,TZPS
CLRM.O,CLRM
LCAA.O,LCAA
DHBC.O,DHBC
NGACU.O,NGACU
ARRW.O,ARRW
PPGHU.O,PPGHU
BDSI.O,BDSI
EJFA.O,EJFA
AURC.O,AURC
JCICU.O,JCICU
ENNVU.O,ENNVU
OSBC.O,OSBC
TIPT.O,TIPT
LUNA.O,LUNA
SBEAU.O,SBEAU
SCOBU.O,SCOBU
INVE.O,INVE
TH.O,TH
SCLEU.O,SCLEU
NDACU.O,NDACU
GIIXU.O,GIIXU
AGNCN.O,AGNCN
VIRX.O,VIRX
OEPWU.O,OEPWU
LEGOU.O,LEGOU
PCYO.O,PCYO
VTIQU.O,VTIQU
DHHCU.O,DHHCU
PTOCU.O,PTOCU
THMA.O,THMA
TIOAU.O,TIOAU
EPIX.O,EPIX
ATHA.O,ATHA
COLIU.O,COLIU
CSSE.O,CSSE
RXRAU.O,RXRAU
HRZN.O,HRZN
TWLVU.O,TWLVU
CPARU.O,CPARU
IBEX.O,IBEX
GLBLU.O,GLBLU
KINZ.O,KINZ
KSMTU.O,KSMTU
EBET.O,EBET
XELA.O,XELA
TMKR.O,TMKR
BDTX.O,BDTX
LITTU.O,LITTU
GGMC.O,GGMC
FTAA.O,FTAA
FORA.O,FORA
AFCG.O,AFCG
ATVC.O,ATVC
HCCC.O,HCCC
AMSC.O,AMSC
POW.O,POW
NATR.O,NATR
GTPA.O,GTPA
CRESY.O,CRESY
STKS.O,STKS
SWET.O,SWET
KAIR.O,KAIR
NVSA.O,NVSA
ADN.O,ADN
FTPA.O,FTPA
WTFCP.O,WTFCP
BYTSU.O,BYTSU
JUGG.O,JUGG
EAC.O,EAC
CBNK.O,CBNK
COGT.O,COGT
ADER.O,ADER
DISA.O,DISA
VLGEA.O,VLGEA
URGN.O,URGN
NVEC.O,NVEC
EGAN.O,EGAN
ATRO.O,ATRO
FCNCP.O,FCNCP
LACQU.O,LACQU
ABUS.O,ABUS
HCARU.O,HCARU
KPLT.O,KPLT
IIII.O,IIII
FOREU.O,FOREU
TCBIO.O,TCBIO
PPTA.O,PPTA
WHF.O,WHF
DTOCU.O,DTOCU
ARTNA.O,ARTNA
KMPH.O,KMPH
LVRA.O,LVRA
FNLC.O,FNLC
HBIO.O,HBIO
III.O,III
CUE.O,CUE
TXMD.O,TXMD
REAX.O,REAX
CTSO.O,CTSO
PRSRU.O,PRSRU
RMGBU.O,RMGBU
PFDRU.O,PFDRU
CMIIU.O,CMIIU
RDHL.O,RDHL
PFIS.O,PFIS
ARAY.O,ARAY
HBCP.O,HBCP
DRTT.O,DRTT
UTMD.O,UTMD
MACQU.O,MACQU
WVE.O,WVE
SVOK.O,SVOK
AGLE.O,AGLE
RDVT.O,RDVT
FIII.O,FIII
PUCK.O,PUCK
CODX.O,CODX
LNDC.O,LNDC
CTMX.O,CTMX
ORTX.O,ORTX
CRNT.O,CRNT
CARE.O,CARE
QMCO.O,QMCO
GBOX.O,GBOX
FRGI.O,FRGI
HMCOU.O,HMCOU
SDACU.O,SDACU
HYACU.O,HYACU
BMEA.O,BMEA
HCNEU.O,HCNEU
DNAA.O,DNAA
RXST.O,RXST
THTX.O,THTX
DNAC.O,DNAC
GSAQ.O,GSAQ
CLSD.O,CLSD
ZEUS.O,ZEUS
KSMT.O,KSMT
VPCB.O,VPCB
WIMI.O,WIMI
HLAH.O,HLAH
DNAD.O,DNAD
DNAB.O,DNAB
CFV.O,CFV
WAFDP.O,WAFDP
ESCA.O,ESCA
CFFE.O,CFFE
FSSI.O,FSSI
BKCC.O,BKCC
AQB.O,AQB
GOBI.O,GOBI
IRCP.O,IRCP
AVTE.O,AVTE
LLNW.O,LLNW
CHPMU.O,CHPMU
FFIE.O,FFIE
STWO.O,STWO
PMGMU.O,PMGMU
PKOH.O,PKOH
FBIO.O,FBIO
ACTDU.O,ACTDU
JSM.O,JSM
MTAC.O,MTAC
XOMA.O,XOMA
SSAAU.O,SSAAU
AGGRU.O,AGGRU
RCLF.O,RCLF
ENOB.O,ENOB
TACO.O,TACO
CFVIU.O,CFVIU
SMMF.O,SMMF
FMIVU.O,FMIVU
TEKK.O,TEKK
PBFS.O,PBFS
WILC.O,WILC
ALTUU.O,ALTUU
IGACU.O,IGACU
PUYI.O,PUYI
HCII.O,HCII
CELC.O,CELC
MON.O,MON
MPB.O,MPB
OPT.O,OPT
SCAQ.O,SCAQ
WRAP.O,WRAP
LMNR.O,LMNR
CVGI.O,CVGI
DHCAU.O,DHCAU
SERA.O,SERA
COVAU.O,COVAU
POWL.O,POWL
ITHX.O,ITHX
MEIP.O,MEIP
GPP.O,GPP
ARTAU.O,ARTAU
YELL.O,YELL
ACAHU.O,ACAHU
GXIIU.O,GXIIU
VALU.O,VALU
FDBC.O,FDBC
TSIBU.O,TSIBU
PLMIU.O,PLMIU
FTRP.O,FTRP
PVBC.O,PVBC
ENFAU.O,ENFAU
SESN.O,SESN
GPACU.O,GPACU
TLC.O,TLC
PBYI.O,PBYI
HARP.O,HARP
PCSB.O,PCSB
INBK.O,INBK
GP.O,GP
QTNT.O,QTNT
PROF.O,PROF
PCB.O,PCB
DBDR.O,DBDR
NRAC.O,NRAC
LEGA.O,LEGA
CYBE.O,CYBE
LCAP.O,LCAP
SILC.O,SILC
EYPT.O,EYPT
PBCTP.O,PBCTP
NBN.O,NBN
AEAC.O,AEAC
QADB.O,QADB
ZNTE.O,ZNTE
SVFB.O,SVFB
GXGX.O,GXGX
NLTX.O,NLTX
FTCVU.O,FTCVU
TZPSU.O,TZPSU
DHBCU.O,DHBCU
ARRWU.O,ARRWU
FRON.O,FRON
SPKBU.O,SPKBU
INMB.O,INMB
CLRMU.O,CLRMU
KLAQU.O,KLAQU
KAII.O,KAII
CRSA.O,CRSA
DISCB.O,DISCB
IMCC.O,IMCC
DYNS.O,DYNS
DFPH.O,DFPH
LCAAU.O,LCAAU
VOSO.O,VOSO
SLDB.O,SLDB
ELEV.O,ELEV
GLRE.O,GLRE
NATH.O,NATH
TCRX.O,TCRX
SLCT.O,SLCT
AKIC.O,AKIC
ACEV.O,ACEV
EJFAU.O,EJFAU
TERN.O,TERN
KIIIU.O,KIIIU
MCBC.O,MCBC
ANGN.O,ANGN
DCRB.O,DCRB
IPVIU.O,IPVIU
VELO.O,VELO
LDHA.O,LDHA
ONCR.O,ONCR
ALZN.O,ALZN
PDSB.O,PDSB
MESA.O,MESA
FSBW.O,FSBW
AMTX.O,AMTX
ARBG.O,ARBG
DGNS.O,DGNS
ADERU.O,ADERU
KINZU.O,KINZU
HCCCU.O,HCCCU
PTIC.O,PTIC
BLTS.O,BLTS
GNAC.O,GNAC
ITQ.O,ITQ
ASPC.O,ASPC
NOAC.O,NOAC
MTRX.O,MTRX
TMKRU.O,TMKRU
EIGR.O,EIGR
PFSW.O,PFSW
LHAA.O,LHAA
PAQC.O,PAQC
BIOT.O,BIOT
DRRX.O,DRRX
OSTR.O,OSTR
SHAC.O,SHAC
GMDA.O,GMDA
REKR.O,REKR
VII.O,VII
ZWRK.O,ZWRK
VLAT.O,VLAT
NEXI.O,NEXI
KAIRU.O,KAIRU
LVRAU.O,LVRAU
DCRDU.O,DCRDU
JUGGU.O,JUGGU
EACPU.O,EACPU
SWETU.O,SWETU
CIDM.O,CIDM
NVSAU.O,NVSAU
INFI.O,INFI
CVCY.O,CVCY
POWRU.O,POWRU
CBAT.O,CBAT
VRCA.O,VRCA
SCOR.O,SCOR
GTPAU.O,GTPAU
ITMR.O,ITMR
FRSG.O,FRSG
ATVCU.O,ATVCU
HLAHU.O,HLAHU
HFFG.O,HFFG
KZR.O,KZR
FVCB.O,FVCB
SYRS.O,SYRS
ACTG.O,ACTG
INSE.O,INSE
ALCO.O,ALCO
SV.O,SV
SKYA.O,SKYA
PMTS.O,PMTS
AFAQ.O,AFAQ
FITBO.O,FITBO
FSRXU.O,FSRXU
JNCE.O,JNCE
AVRO.O,AVRO
MHLD.O,MHLD
CERC.O,CERC
DAKT.O,DAKT
BLU.O,BLU
MRLN.O,MRLN
GIW.O,GIW
SVOKU.O,SVOKU
FLL.O,FLL
ORRF.O,ORRF
BATRA.O,BATRA
GLHA.O,GLHA
FRBA.O,FRBA
KRNLU.O,KRNLU
PFBI.O,PFBI
LAZY.O,LAZY
PFHD.O,PFHD
IPHA.O,IPHA
ICAD.O,ICAD
SBT.O,SBT
NMTR.O,NMTR
MBIO.O,MBIO
HCAQ.O,HCAQ
KIRK.O,KIRK
FSSIU.O,FSSIU
AURCU.O,AURCU
CFFVU.O,CFFVU
GSAQU.O,GSAQU
LTRPA.O,LTRPA
STWOU.O,STWOU
HQI.O,HQI
VPCBU.O,VPCBU
ONDS.O,ONDS
FRW.O,FRW
CTXR.O,CTXR
FREQ.O,FREQ
KLDO.O,KLDO
IMPL.O,IMPL
NWPX.O,NWPX
BPYPO.O,BPYPO
ACHL.O,ACHL
SURF.O,SURF
VIH.O,VIH
IIIIU.O,IIIIU
CFFEU.O,CFFEU
EMKR.O,EMKR
PIRS.O,PIRS
SUNS.O,SUNS
ENVI.O,ENVI
ISLE.O,ISLE
FSII.O,FSII
CFMS.O,CFMS
VOXX.O,VOXX
CRSAU.O,CRSAU
TEKKU.O,TEKKU
MTACU.O,MTACU
BCBP.O,BCBP
TLMD.O,TLMD
PRTK.O,PRTK
IMUX.O,IMUX
SRRA.O,SRRA
NRIM.O,NRIM
SMSI.O,SMSI
BPYUP.O,BPYUP
SMTI.O,SMTI
FLXS.O,FLXS
VWTR.O,VWTR
TMTS.O,TMTS
DBDRU.O,DBDRU
DLCA.O,DLCA
RCLFU.O,RCLFU
CLVR.O,CLVR
LFTR.O,LFTR
BEEM.O,BEEM
NBEV.O,NBEV
GHAC.O,GHAC
FMAO.O,FMAO
UEPS.O,UEPS
CNTG.O,CNTG
MONCU.O,MONCU
VMD.O,VMD
BPYPN.O,BPYPN
OVID.O,OVID
PCOM.O,PCOM
DISAU.O,DISAU
ACNB.O,ACNB
GCBC.O,GCBC
SCAQU.O,SCAQU
DALS.O,DALS
GAMCU.O,GAMCU
APTMU.O,APTMU
CTIC.O,CTIC
RVACU.O,RVACU
HWELU.O,HWELU
CECE.O,CECE
SMIH.O,SMIH
DRAYU.O,DRAYU
CBAN.O,CBAN
ITI.O,ITI
HOFV.O,HOFV
ESXB.O,ESXB
CRZN.O,CRZN
GAMB.O,GAMB
GGMCU.O,GGMCU
RCHG.O,RCHG
VECT.O,VECT
FUND.O,FUND
APEN.O,APEN
SLMBP.O,SLMBP
PWFL.O,PWFL
THMAU.O,THMAU
SNSE.O,SNSE
MREO.O,MREO
CBAY.O,CBAY
SRSA.O,SRSA
AGNCM.O,AGNCM
UNTY.O,UNTY
GRIN.O,GRIN
PKBK.O,PKBK
TCAC.O,TCAC
TSBK.O,TSBK
PFMT.O,PFMT
ORIA.O,ORIA
PVAC.O,PVAC
TBSA.O,TBSA
IMAQ.O,IMAQ
BOCH.O,BOCH
ITHXU.O,ITHXU
NRACU.O,NRACU
TBNK.O,TBNK
ZNTEU.O,ZNTEU
FBIZ.O,FBIZ
VOSOU.O,VOSOU
LRMR.O,LRMR
FLXN.O,FLXN
PFTAU.O,PFTAU
TNXP.O,TNXP
CMLS.O,CMLS
PDLB.O,PDLB
TDACU.O,TDACU
PUCKU.O,PUCKU
MRCC.O,MRCC
KMDA.O,KMDA
NOACU.O,NOACU
WEYS.O,WEYS
BWFG.O,BWFG
ISTR.O,ISTR
PANA.O,PANA
FRONU.O,FRONU
PRTG.O,PRTG
AKICU.O,AKICU
STRS.O,STRS
ACEVU.O,ACEVU
CRMD.O,CRMD
NNBR.O,NNBR
NKSH.O,NKSH
IDBA.O,IDBA
HROW.O,HROW
CFACU.O,CFACU
DFPHU.O,DFPHU
BLTSU.O,BLTSU
VELOU.O,VELOU
SAMG.O,SAMG
PSAGU.O,PSAGU
GWGH.O,GWGH
BIOTU.O,BIOTU
NH.O,NH
WLFC.O,WLFC
AHPAU.O,AHPAU
BRCN.O,BRCN
PAQCU.O,PAQCU
ASPCU.O,ASPCU
BWCAU.O,BWCAU
FTAAU.O,FTAAU
AEACU.O,AEACU
OXSQ.O,OXSQ
PTICU.O,PTICU
SHACU.O,SHACU
VIIAU.O,VIIAU
FRWAU.O,FRWAU
ITQRU.O,ITQRU
VLATU.O,VLATU
ARBGU.O,ARBGU
LDHAU.O,LDHAU
SVSVU.O,SVSVU
GNACU.O,GNACU
ZWRKU.O,ZWRKU
SWKH.O,SWKH
GWIIU.O,GWIIU
KAIIU.O,KAIIU
ADVM.O,ADVM
XPAXU.O,XPAXU
FTVIU.O,FTVIU
HLBZ.O,HLBZ
ACQRU.O,ACQRU
FTPAU.O,FTPAU
LWAC.O,LWAC
TRON.O,TRON
CRDF.O,CRDF
APTO.O,APTO
HCIIU.O,HCIIU
FRSGU.O,FRSGU
FCCY.O,FCCY
MFIN.O,MFIN
THCPU.O,THCPU
AFAQU.O,AFAQU
PTMN.O,PTMN
ACAC.O,ACAC
OSTRU.O,OSTRU
MAQC.O,MAQC
PANL.O,PANL
ISAA.O,ISAA
SKYAU.O,SKYAU
CKPT.O,CKPT
MFNC.O,MFNC
LCNB.O,LCNB
SNCR.O,SNCR
GNRS.O,GNRS
SHSP.O,SHSP
CVLY.O,CVLY
OSMT.O,OSMT
ATLO.O,ATLO
ATNF.O,ATNF
TVAC.O,TVAC
AFINP.O,AFINP
LATNU.O,LATNU
CHMG.O,CHMG
FULTP.O,FULTP
CPLP.O,CPLP
HURC.O,HURC
ASAX.O,ASAX
BDSX.O,BDSX
VINC.O,VINC
FITBP.O,FITBP
MIRO.O,MIRO
INOD.O,INOD
TCFC.O,TCFC
GWAC.O,GWAC
GCAC.O,GCAC
ACET.O,ACET
VTAQ.O,VTAQ
VIHAU.O,VIHAU
GWACU.O,GWACU
MNTS.O,MNTS
LIVX.O,LIVX
ICBK.O,ICBK
IMMP.O,IMMP
BSVN.O,BSVN
MICT.O,MICT
ENVIU.O,ENVIU
IMMR.O,IMMR
PHIC.O,PHIC
DSAC.O,DSAC
TMTSU.O,TMTSU
SLGL.O,SLGL
LCAPU.O,LCAPU
MBII.O,MBII
DUNE.O,DUNE
MYFW.O,MYFW
INKA.O,INKA
BSKY.O,BSKY
PGRW.O,PGRW
GACQ.O,GACQ
KSI.O,KSI
TNGX.O,TNGX
NCMI.O,NCMI
SIGIP.O,SIGIP
XNET.O,XNET
SPTK.O,SPTK
BRPM.O,BRPM
ALYA.O,ALYA
SHBI.O,SHBI
XGN.O,XGN
NWFL.O,NWFL
BSET.O,BSET
DLCAU.O,DLCAU
UROY.O,UROY
LEVL.O,LEVL
BRIV.O,BRIV
LFTRU.O,LFTRU
RGCO.O,RGCO
FRBK.O,FRBK
STIM.O,STIM
TFFP.O,TFFP
GIWWU.O,GIWWU
ALPN.O,ALPN
GRTX.O,GRTX
GHACU.O,GHACU
BPRN.O,BPRN
GALT.O,GALT
WNEB.O,WNEB
SPRT.O,SPRT
YQ.O,YQ
SEEL.O,SEEL
IMAQU.O,IMAQU
NHIC.O,NHIC
GLHAU.O,GLHAU
CRZNU.O,CRZNU
TCACU.O,TCACU
RCHGU.O,RCHGU
RPHM.O,RPHM
TCDA.O,TCDA
SUNW.O,SUNW
LBRDP.O,LBRDP
ORIAU.O,ORIAU
SWAGU.O,SWAGU
ESQ.O,ESQ
SMIHU.O,SMIHU
APACU.O,APACU
UONEK.O,UONEK
HSAQ.O,HSAQ
TBSAU.O,TBSAU
GACQU.O,GACQU
NISN.O,NISN
SRSAU.O,SRSAU
VCXAU.O,VCXAU
HOOK.O,HOOK
SHQAU.O,SHQAU
FICVU.O,FICVU
PMBC.O,PMBC
TAST.O,TAST
OBT.O,OBT
AVEO.O,AVEO
RMBI.O,RMBI
TELA.O,TELA
ADMS.O,ADMS
DUNEU.O,DUNEU
VABK.O,VABK
TLIS.O,TLIS
NVVE.O,NVVE
HYRE.O,HYRE
TRVN.O,TRVN
BIVI.O,BIVI
MYMD.O,MYMD
FRSX.O,FRSX
CFFI.O,CFFI
KVHI.O,KVHI
AUBAP.O,AUBAP
OEG.O,OEG
FSTR.O,FSTR
IIN.O,IIN
QIPT.O,QIPT
NXTC.O,NXTC
MITA.O,MITA
LBPS.O,LBPS
LIZI.O,LIZI
JFIN.O,JFIN
THCA.O,THCA
FGBI.O,FGBI
LYTS.O,LYTS
KALA.O,KALA
FSFG.O,FSFG
GAIA.O,GAIA
ARYD.O,ARYD
FNWB.O,FNWB
NYMTM.O,NYMTM
GNRSU.O,GNRSU
ENLV.O,ENLV
PBPB.O,PBPB
HYW.O,HYW
LATN.O,LATN
LAKE.O,LAKE
BCML.O,BCML
EQOS.O,EQOS
PLBC.O,PLBC
ABGI.O,ABGI
GNSS.O,GNSS
RACB.O,RACB
DBTX.O,DBTX
TRONU.O,TRONU
WMPN.O,WMPN
COFS.O,COFS
CABA.O,CABA
UCL.O,UCL
QUBT.O,QUBT
SHIP.O,SHIP
HBANM.O,HBANM
LWACU.O,LWACU
TVACU.O,TVACU
OCAX.O,OCAX
TWIN.O,TWIN
XAIR.O,XAIR
LFMD.O,LFMD
BLSA.O,BLSA
CTRM.O,CTRM
GBNH.O,GBNH
OIIM.O,OIIM
SGAM.O,SGAM
FENC.O,FENC
VTAQU.O,VTAQU
CADL.O,CADL
ESSC.O,ESSC
MNSB.O,MNSB
EUSG.O,EUSG
GTBP.O,GTBP
HCWB.O,HCWB
BFI.O,BFI
MLAC.O,MLAC
BCEL.O,BCEL
UBX.O,UBX
AAOI.O,AAOI
RAM.O,RAM
CWCO.O,CWCO
ADMA.O,ADMA
CLAQU.O,CLAQU
DSACU.O,DSACU
TYME.O,TYME
ESSA.O,ESSA
GCACU.O,GCACU
CLGN.O,CLGN
FTFT.O,FTFT
TPBAU.O,TPBAU
FLNT.O,FLNT
KSICU.O,KSICU
SPRB.O,SPRB
DRIO.O,DRIO
INKAU.O,INKAU
JG.O,JG
PGRWU.O,PGRWU
MEACU.O,MEACU
ORPH.O,ORPH
CASI.O,CASI
ASUR.O,ASUR
PHICU.O,PHICU
EML.O,EML
SSBK.O,SSBK
UIHC.O,UIHC
BRPMU.O,BRPMU
ONCT.O,ONCT
OMEG.O,OMEG
FLAC.O,FLAC
BRIVU.O,BRIVU
VCKA.O,VCKA
MNOV.O,MNOV
EDAP.O,EDAP
SPTKU.O,SPTKU
YSAC.O,YSAC
NXTP.O,NXTP
TOUR.O,TOUR
INAB.O,INAB
GLSPU.O,GLSPU
ALACU.O,ALACU
LJAQ.O,LJAQ
GMBL.O,GMBL
PXLW.O,PXLW
MRBK.O,MRBK
WTER.O,WTER
CLAQ.O,CLAQ
TMDI.O,TMDI
AGMH.O,AGMH
RESN.O,RESN
ASLN.O,ASLN
WSBCP.O,WSBCP
MSGM.O,MSGM
AMTBB.O,AMTBB
PWOD.O,PWOD
RVSB.O,RVSB
EVLVU.O,EVLVU
GENC.O,GENC
LMPX.O,LMPX
MAQCU.O,MAQCU
LINC.O,LINC
CMCT.O,CMCT
BFRA.O,BFRA
PSAG.O,PSAG
NECB.O,NECB
NBSTU.O,NBSTU
ALF.O,ALF
PEBK.O,PEBK
HTOO.O,HTOO
STRT.O,STRT
CALA.O,CALA
AKU.O,AKU
ANEB.O,ANEB
BPYPP.O,BPYPP
MCMJ.O,MCMJ
VEV.O,VEV
IMNM.O,IMNM
OPINL.O,OPINL
ZYNE.O,ZYNE
IEC.O,IEC
MIST.O,MIST
NBST.O,NBST
SMED.O,SMED
BLCT.O,BLCT
HBP.O,HBP
BWAC.O,BWAC
NTIC.O,NTIC
NMMC.O,NMMC
MBINN.O,MBINN
ASMB.O,ASMB
SVBI.O,SVBI
HTBX.O,HTBX
NOVN.O,NOVN
TUSK.O,TUSK
FCCO.O,FCCO
YJ.O,YJ
JAGX.O,JAGX
DDMX.O,DDMX
SGTX.O,SGTX
FNCB.O,FNCB
SNFCA.O,SNFCA
EBAC.O,EBAC
BFIN.O,BFIN
GLSPT.O,GLSPT
THCAU.O,THCAU
UNB.O,UNB
ESEA.O,ESEA
BSKYU.O,BSKYU
APTX.O,APTX
NYMTN.O,NYMTN
PTRS.O,PTRS
ASAXU.O,ASAXU
XSPA.O,XSPA
AYLA.O,AYLA
LANDO.O,LANDO
CRBP.O,CRBP
OPBK.O,OPBK
VERY.O,VERY
EQ.O,EQ
NYMX.O,NYMX
GMTX.O,GMTX
LBPH.O,LBPH
ZIONO.O,ZIONO
IDN.O,IDN
KOSS.O,KOSS
NMRD.O,NMRD
ARDX.O,ARDX
FFNW.O,FFNW
KRMD.O,KRMD
BWMN.O,BWMN
EVOJ.O,EVOJ
HWBK.O,HWBK
GLAQ.O,GLAQ
XERS.O,XERS
OCAXU.O,OCAXU
CZWI.O,CZWI
SGAMU.O,SGAMU
BSBK.O,BSBK
ALPAU.O,ALPAU
MITAU.O,MITAU
OVLY.O,OVLY
LVTX.O,LVTX
AGTC.O,AGTC
EUSGU.O,EUSGU
NCTY.O,NCTY
DKDCA.O,DKDCA
BENE.O,BENE
CENQU.O,CENQU
EBMT.O,EBMT
APMIU.O,APMIU
BLNGU.O,BLNGU
PYPD.O,PYPD
ARYE.O,ARYE
TWCBU.O,TWCBU
SREV.O,SREV
AMCIU.O,AMCIU
SLS.O,SLS
MBTC.O,MBTC
BCYP.O,BCYP
HLXA.O,HLXA
CALB.O,CALB
TTOO.O,TTOO
AACIU.O,AACIU
BREZ.O,BREZ
JAQCU.O,JAQCU
ADMP.O,ADMP
MBCN.O,MBCN
MLACU.O,MLACU
OBSV.O,OBSV
ASPU.O,ASPU
ACKIU.O,ACKIU
CMMB.O,CMMB
PHAS.O,PHAS
RAMMU.O,RAMMU
AQMS.O,AQMS
BANX.O,BANX
DLHC.O,DLHC
ESSCU.O,ESSCU
AQST.O,AQST
VTVT.O,VTVT
MOXC.O,MOXC
MRKR.O,MRKR
GNFT.O,GNFT
CGO.O,CGO
SJ.O,SJ
NICK.O,NICK
SAL.O,SAL
FARM.O,FARM
FCAP.O,FCAP
MACUU.O,MACUU
IMBI.O,IMBI
MNTX.O,MNTX
CMCTP.O,CMCTP
STSA.O,STSA
FRAF.O,FRAF
MLVF.O,MLVF
MACA.O,MACA
EDTX.O,EDTX
ENTX.O,ENTX
SCPH.O,SCPH
BELFB.O,BELFB
QLI.O,QLI
MOTN.O,MOTN
WATT.O,WATT
SCYX.O,SCYX
CAHC.O,CAHC
LEE.O,LEE
FCRD.O,FCRD
WTFCM.O,WTFCM
VCKAU.O,VCKAU
FAT.O,FAT
SYBX.O,SYBX
AYRO.O,AYRO
SPOK.O,SPOK
YSACU.O,YSACU
AMAOU.O,AMAOU
SRGA.O,SRGA
CTG.O,CTG
OFS.O,OFS
PNFPP.O,PNFPP
UBFO.O,UBFO
AIRG.O,AIRG
SGA.O,SGA
EYES.O,EYES
SIOX.O,SIOX
RCAT.O,RCAT
VLYPP.O,VLYPP
GGGV.O,GGGV
TZOO.O,TZOO
MOVE.O,MOVE
CSBR.O,CSBR
SLGG.O,SLGG
USIO.O,USIO
BKEPP.O,BKEPP
BLRX.O,BLRX
ADES.O,ADES
MACU.O,MACU
ATSPU.O,ATSPU
ASPS.O,ASPS
MDWT.O,MDWT
BWACU.O,BWACU
LTRX.O,LTRX
DDMXU.O,DDMXU
LTRN.O,LTRN
FXNC.O,FXNC
BBQ.O,BBQ
SVRA.O,SVRA
LEGAU.O,LEGAU
BKEP.O,BKEP
AMAO.O,AMAO
EUCRU.O,EUCRU
PROG.O,PROG
ASYS.O,ASYS
NMMCU.O,NMMCU
BYFC.O,BYFC
SLHG.O,SLHG
OTRA.O,OTRA
OESX.O,OESX
LARK.O,LARK
KAVL.O,KAVL
BOXL.O,BOXL
OFED.O,OFED
LOGC.O,LOGC
WTRH.O,WTRH
LQDA.O,LQDA
TDAC.O,TDAC
SBBP.O,SBBP
MBINO.O,MBINO
OPTN.O,OPTN
GEOS.O,GEOS
EUCR.O,EUCR
JYAC.O,JYAC
HTLFP.O,HTLFP
TACT.O,TACT
COMS.O,COMS
ATER.O,ATER
CRDL.O,CRDL
FVE.O,FVE
GSIT.O,GSIT
LMST.O,LMST
ULBI.O,ULBI
GNPX.O,GNPX
QH.O,QH
EJH.O,EJH
LMAO.O,LMAO
PAYS.O,PAYS
VMAC.O,VMAC
PROV.O,PROV
AHAC.O,AHAC
CPSS.O,CPSS
CYCN.O,CYCN
OTEC.O,OTEC
SBFG.O,SBFG
ROCR.O,ROCR
DYAI.O,DYAI
BENEU.O,BENEU
XFOR.O,XFOR
JAKK.O,JAKK
IMV.O,IMV
HDSN.O,HDSN
MAGS.O,MAGS
LPCN.O,LPCN
CLOEU.O,CLOEU
BCLI.O,BCLI
RICOU.O,RICOU
IPA.O,IPA
OVBC.O,OVBC
CFRX.O,CFRX
AEHR.O,AEHR
BWAY.O,BWAY
EVOJU.O,EVOJU
PCTTU.O,PCTTU
CBFV.O,CBFV
AMHC.O,AMHC
MARK.O,MARK
USAK.O,USAK
ITRM.O,ITRM
CBIO.O,CBIO
GLAQU.O,GLAQU
TMPM.O,TMPM
CLXT.O,CLXT
FMBIO.O,FMBIO
ORGS.O,ORGS
HUIZ.O,HUIZ
AUBN.O,AUBN
BCYPU.O,BCYPU
VQS.O,VQS
AXLA.O,AXLA
NYMTL.O,NYMTL
ANIX.O,ANIX
MCHX.O,MCHX
BKSC.O,BKSC
VMACU.O,VMACU
IVAC.O,IVAC
FRLN.O,FRLN
CWBC.O,CWBC
RBKB.O,RBKB
LJAQU.O,LJAQU
ESGRO.O,ESGRO
ERYP.O,ERYP
DUO.O,DUO
DKDCU.O,DKDCU
ACKIT.O,ACKIT
CXDO.O,CXDO
AEYE.O,AEYE
RILYM.O,RILYM
VBLT.O,VBLT
MOTNU.O,MOTNU
FUNC.O,FUNC
ADOC.O,ADOC
INPX.O,INPX
IPW.O,IPW
SLNG.O,SLNG
ABEO.O,ABEO
RIVE.O,RIVE
RMBL.O,RMBL
CAHCU.O,CAHCU
WSTG.O,WSTG
MTBCP.O,MTBCP
ATSPT.O,ATSPT
SECO.O,SECO
WNW.O,WNW
BRID.O,BRID
IZEA.O,IZEA
NLITU.O,NLITU
ODT.O,ODT
MMLP.O,MMLP
EDTXU.O,EDTXU
CLDB.O,CLDB
FSTX.O,FSTX
PCTI.O,PCTI
SIEB.O,SIEB
SANW.O,SANW
OXACU.O,OXACU
SFBC.O,SFBC
ROCGU.O,ROCGU
VERB.O,VERB
EPSN.O,EPSN
VRDN.O,VRDN
OPOF.O,OPOF
PETZ.O,PETZ
NBSE.O,NBSE
SPI.O,SPI
MACAU.O,MACAU
RMRM.O,RMRM
AHACU.O,AHACU
ALOT.O,ALOT
PFX.O,PFX
IRIX.O,IRIX
ELOX.O,ELOX
UCBIO.O,UCBIO
ISSC.O,ISSC
CAAS.O,CAAS
FMBIP.O,FMBIP
FONR.O,FONR
ZEST.O,ZEST
TGA.O,TGA
MSAC.O,MSAC
MTBC.O,MTBC
KZIA.O,KZIA
ETTX.O,ETTX
ACRX.O,ACRX
IMRA.O,IMRA
CNTQU.O,CNTQU
VYGR.O,VYGR
PDEX.O,PDEX
FLUX.O,FLUX
PBIP.O,PBIP
OTRAU.O,OTRAU
ARPO.O,ARPO
JWEL.O,JWEL
AREC.O,AREC
QRHC.O,QRHC
GFED.O,GFED
HEPA.O,HEPA
CMPI.O,CMPI
EVGN.O,EVGN
CLIR.O,CLIR
CIH.O,CIH
GOODO.O,GOODO
NCNA.O,NCNA
CNCE.O,CNCE
MINM.O,MINM
UGRO.O,UGRO
HMNF.O,HMNF
UBOH.O,UBOH
ONCY.O,ONCY
OTECU.O,OTECU
BPOPM.O,BPOPM
YTRA.O,YTRA
EVAX.O,EVAX
EVFM.O,EVFM
SRAX.O,SRAX
GSMG.O,GSMG
MRAM.O,MRAM
LJPC.O,LJPC
LXEH.O,LXEH
RNDB.O,RNDB
MBTCU.O,MBTCU
PCYG.O,PCYG
INTG.O,INTG
AMHCU.O,AMHCU
EYEN.O,EYEN
NAII.O,NAII
VLYPO.O,VLYPO
NYMTO.O,NYMTO
REPH.O,REPH
DARE.O,DARE
FVAM.O,FVAM
HBANN.O,HBANN
IFRX.O,IFRX
LIQT.O,LIQT
STCN.O,STCN
VERO.O,VERO
BSGM.O,BSGM
ETON.O,ETON
COCP.O,COCP
MDNA.O,MDNA
HYMC.O,HYMC
TMPMU.O,TMPMU
ROCRU.O,ROCRU
AGFS.O,AGFS
CATB.O,CATB
GNCA.O,GNCA
MCAC.O,MCAC
MDVL.O,MDVL
RDI.O,RDI
GGGVU.O,GGGVU
USAP.O,USAP
GLEEU.O,GLEEU
OSS.O,OSS
BIOL.O,BIOL
LFVN.O,LFVN
PONOU.O,PONOU
PNRG.O,PNRG
AIH.O,AIH
CFBK.O,CFBK
LSAQ.O,LSAQ
RELL.O,RELL
CIZN.O,CIZN
XCUR.O,XCUR
VVPR.O,VVPR
LPTX.O,LPTX
EBACU.O,EBACU
HOVNP.O,HOVNP
SMID.O,SMID
SYNL.O,SYNL
SSBI.O,SSBI
GLTO.O,GLTO
SND.O,SND
ITAC.O,ITAC
CNEY.O,CNEY
BPTS.O,BPTS
AIRT.O,AIRT
NEPT.O,NEPT
CLAY.O,CLAY
GLYC.O,GLYC
SRZN.O,SRZN
GASS.O,GASS
ELYS.O,ELYS
GANX.O,GANX
YMTX.O,YMTX
UK.O,UK
OPGN.O,OPGN
CPOP.O,CPOP
CODA.O,CODA
BON.O,BON
DTEA.O,DTEA
FKWL.O,FKWL
MDWD.O,MDWD
LMAOU.O,LMAOU
AFBI.O,AFBI
PSTI.O,PSTI
BHSE.O,BHSE
GAME.O,GAME
VIASP.O,VIASP
ALRN.O,ALRN
FEIM.O,FEIM
ELDN.O,ELDN
ANY.O,ANY
CAPR.O,CAPR
MMMB.O,MMMB
ZGYH.O,ZGYH
LMB.O,LMB
MKTY.O,MKTY
LWAY.O,LWAY
AVCT.O,AVCT
LIVKU.O,LIVKU
JRSH.O,JRSH
CHEK.O,CHEK
LYRA.O,LYRA
RGC.O,RGC
AGRX.O,AGRX
BHSEU.O,BHSEU
GROW.O,GROW
QRTEB.O,QRTEB
OXLCP.O,OXLCP
SENEB.O,SENEB
ICMB.O,ICMB
PCSA.O,PCSA
LTRPB.O,LTRPB
LACQ.O,LACQ
RZLT.O,RZLT
DGICB.O,DGICB
VISL.O,VISL
TPST.O,TPST
AYTU.O,AYTU
AVCO.O,AVCO
LSBK.O,LSBK
ACST.O,ACST
WFCF.O,WFCF
CULL.O,CULL
FBIOP.O,FBIOP
LNSR.O,LNSR
VYNE.O,VYNE
CLSN.O,CLSN
MCACU.O,MCACU
AWRE.O,AWRE
OCCI.O,OCCI
ONCS.O,ONCS
TSCBP.O,TSCBP
ITACU.O,ITACU
ENSC.O,ENSC
EDUC.O,EDUC
BRQS.O,BRQS
GECC.O,GECC
RAIL.O,RAIL
APM.O,APM
UBCP.O,UBCP
KERN.O,KERN
CDTX.O,CDTX
AACG.O,AACG
CRVS.O,CRVS
IPWR.O,IPWR
AVGR.O,AVGR
PRPH.O,PRPH
OTIC.O,OTIC
FFBW.O,FFBW
RFIL.O,RFIL
GTEC.O,GTEC
NRBO.O,NRBO
BCTX.O,BCTX
CLAYU.O,CLAYU
INTZ.O,INTZ
PAIC.O,PAIC
PPBT.O,PPBT
OBCI.O,OBCI
ARAV.O,ARAV
AZYO.O,AZYO
GRVI.O,GRVI
CTHR.O,CTHR
MRIN.O,MRIN
POLA.O,POLA
SBET.O,SBET
OCG.O,OCG
APVO.O,APVO
LIVK.O,LIVK
NEPH.O,NEPH
VTSI.O,VTSI
GRAY.O,GRAY
EMCF.O,EMCF
CPSH.O,CPSH
MBRX.O,MBRX
FEMY.O,FEMY
OMEX.O,OMEX
TURN.O,TURN
PAICU.O,PAICU
DPRO.O,DPRO
AEZS.O,AEZS
VRAR.O,VRAR
ZGYHU.O,ZGYHU
LRFC.O,LRFC
AESE.O,AESE
VVOS.O,VVOS
BBGI.O,BBGI
MTCR.O,MTCR
DLPN.O,DLPN
ZKIN.O,ZKIN
VRPX.O,VRPX
NERV.O,NERV
NYMTP.O,NYMTP
SCPS.O,SCPS
FLACU.O,FLACU
NHTC.O,NHTC
APRE.O,APRE
MCAD.O,MCAD
GAINL.O,GAINL
RCON.O,RCON
RNWK.O,RNWK
CPHC.O,CPHC
IROQ.O,IROQ
AAME.O,AAME
PBHC.O,PBHC
TARA.O,TARA
KINS.O,KINS
HNNA.O,HNNA
AEI.O,AEI
ZVO.O,ZVO
PBTS.O,PBTS
MGYR.O,MGYR
CSCW.O,CSCW
GLG.O,GLG
ALNA.O,ALNA
BLUW.O,BLUW
ISUN.O,ISUN
FAMI.O,FAMI
MCAF.O,MCAF
BCAC.O,BCAC
GPCO.O,GPCO
CRWS.O,CRWS
CEMI.O,CEMI
MITO.O,MITO
ONTX.O,ONTX
CWBR.O,CWBR
IFBD.O,IFBD
TEDU.O,TEDU
UONE.O,UONE
OCUP.O,OCUP
LUMO.O,LUMO
FOXW.O,FOXW
ICCC.O,ICCC
KTCC.O,KTCC
NAOV.O,NAOV
CLBS.O,CLBS
BBIG.O,BBIG
ZSAN.O,ZSAN
GIFI.O,GIFI
VYNT.O,VYNT
KELYB.O,KELYB
LMNL.O,LMNL
IGNY.O,IGNY
UG.O,UG
VBFC.O,VBFC
ATLCP.O,ATLCP
LOAN.O,LOAN
PESI.O,PESI
GLMD.O,GLMD
FUSB.O,FUSB
DMAC.O,DMAC
HALL.O,HALL
BOTJ.O,BOTJ
DILA.O,DILA
OXLCM.O,OXLCM
USAU.O,USAU
BCOW.O,BCOW
LAAA.O,LAAA
BSGA.O,BSGA
MCAE.O,MCAE
VCNX.O,VCNX
LGVN.O,LGVN
USWS.O,USWS
TLSA.O,TLSA
DCOMP.O,DCOMP
OPNT.O,OPNT
OBLG.O,OBLG
HNRG.O,HNRG
AIKI.O,AIKI
NURO.O,NURO
EDRY.O,EDRY
ZIONP.O,ZIONP
DGLY.O,DGLY
MAYS.O,MAYS
ADIL.O,ADIL
POAI.O,POAI
DSWL.O,DSWL
JCS.O,JCS
SYPR.O,SYPR
REFR.O,REFR
TECTP.O,TECTP
JZXN.O,JZXN
KRKR.O,KRKR
AKTX.O,AKTX
TBLT.O,TBLT
GBRG.O,GBRG
HGBL.O,HGBL
GOODN.O,GOODN
MKD.O,MKD
CCLP.O,CCLP
SALM.O,SALM
ECOR.O,ECOR
SLNO.O,SLNO
ENG.O,ENG
VS.O,VS
ASRV.O,ASRV
ACHV.O,ACHV
PRPO.O,PRPO
PHUN.O,PHUN
LINK.O,LINK
SPK.O,SPK
DOGZ.O,DOGZ
PTE.O,PTE
OCFCP.O,OCFCP
MNPR.O,MNPR
LMRKO.O,LMRKO
TCON.O,TCON
SNGX.O,SNGX
RSSS.O,RSSS
BLUWU.O,BLUWU
WVVI.O,WVVI
STRM.O,STRM
CYAD.O,CYAD
MNDO.O,MNDO
DATS.O,DATS
MCADU.O,MCADU
TCBC.O,TCBC
MITC.O,MITC
REED.O,REED
SDH.O,SDH
DCTH.O,DCTH
BWEN.O,BWEN
MACK.O,MACK
ACBAU.O,ACBAU
BRLI.O,BRLI
ACBA.O,ACBA
CLPS.O,CLPS
WHLRD.O,WHLRD
MPACU.O,MPACU
HFBL.O,HFBL
TIRX.O,TIRX
VENA.O,VENA
HJLI.O,HJLI
GEG.O,GEG
RWLK.O,RWLK
DXYN.O,DXYN
OXLCO.O,OXLCO
FOXWU.O,FOXWU
NEON.O,NEON
TRKA.O,TRKA
GPCOU.O,GPCOU
AGBAU.O,AGBAU
MTEX.O,MTEX
FSEA.O,FSEA
CCNEP.O,CCNEP
KFFB.O,KFFB
AUVI.O,AUVI
BAOS.O,BAOS
BSGAU.O,BSGAU
ONVO.O,ONVO
TRMT.O,TRMT
AGBA.O,AGBA
NDRA.O,NDRA
NMTC.O,NMTC
MCAFU.O,MCAFU
CGRN.O,CGRN
IGNYU.O,IGNYU
RMTI.O,RMTI
WKSP.O,WKSP
EDSA.O,EDSA
ADXS.O,ADXS
MPAC.O,MPAC
RGLS.O,RGLS
GTIM.O,GTIM
ADXN.O,ADXN
LGHL.O,LGHL
TUGC.O,TUGC
SELF.O,SELF
ARKR.O,ARKR
VIRC.O,VIRC
PPIH.O,PPIH
RCRT.O,RCRT
DILAU.O,DILAU
OBAS.O,OBAS
MDIA.O,MDIA
SNTG.O,SNTG
SRTS.O,SRTS
ALJJ.O,ALJJ
CARV.O,CARV
SNAX.O,SNAX
METX.O,METX
EKSO.O,EKSO
IDRA.O,IDRA
HUGE.O,HUGE
AEMD.O,AEMD
NCSM.O,NCSM
NETE.O,NETE
PLIN.O,PLIN
MDJH.O,MDJH
LANDM.O,LANDM
RILYP.O,RILYP
ARDS.O,ARDS
MBINP.O,MBINP
CLRB.O,CLRB
BPOPN.O,BPOPN
FTEK.O,FTEK
QUIK.O,QUIK
BBI.O,BBI
GRCY.O,GRCY
WAVE.O,WAVE
TYHT.O,TYHT
GBRGU.O,GBRGU
ICCH.O,ICCH
PME.O,PME
FWP.O,FWP
CBMB.O,CBMB
BRLIU.O,BRLIU
YGMZ.O,YGMZ
VJET.O,VJET
ABVC.O,ABVC
PFIE.O,PFIE
ANPC.O,ANPC
WKEY.O,WKEY
CCNC.O,CCNC
LIFE.O,LIFE
TESS.O,TESS
TATT.O,TATT
TBKCP.O,TBKCP
UPC.O,UPC
VMAR.O,VMAR
NBRV.O,NBRV
DFFN.O,DFFN
LMRKN.O,LMRKN
NVCN.O,NVCN
MCAEU.O,MCAEU
CNET.O,CNET
ASTC.O,ASTC
NOVVU.O,NOVVU
BIOC.O,BIOC
PPHPU.O,PPHPU
ASPAU.O,ASPAU
JMPNL.O,JMPNL
ALAC.O,ALAC
BMRA.O,BMRA
TCBS.O,TCBS
SEED.O,SEED
RSLS.O,RSLS
FNHC.O,FNHC
CDZIP.O,CDZIP
LAAAU.O,LAAAU
SPKAU.O,SPKAU
VENAU.O,VENAU
KSPN.O,KSPN
MBNKP.O,MBNKP
CXDC.O,CXDC
BCDA.O,BCDA
CLRO.O,CLRO
KBNT.O,KBNT
AZRX.O,AZRX
BCACU.O,BCACU
TOPS.O,TOPS
BSQR.O,BSQR
MBOT.O,MBOT
KTRA.O,KTRA
BXRX.O,BXRX
QUMU.O,QUMU
FPAY.O,FPAY
CBLI.O,CBLI
WISA.O,WISA
RKDA.O,RKDA
CYTH.O,CYTH
NTWK.O,NTWK
CHNR.O,CHNR
HVBC.O,HVBC
IKT.O,IKT
LPTH.O,LPTH
RMCF.O,RMCF
GNLN.O,GNLN
ESBK.O,ESBK
GURE.O,GURE
GRNQ.O,GRNQ
CHCI.O,CHCI
OTRKP.O,OTRKP
MYT.O,MYT
HGSH.O,HGSH
MSVB.O,MSVB
HSON.O,HSON
SEAC.O,SEAC
UTME.O,UTME
RCMT.O,RCMT
GENE.O,GENE
TRIB.O,TRIB
DAIO.O,DAIO
SSKN.O,SSKN
CREG.O,CREG
IKNX.O,IKNX
WINT.O,WINT
TAOP.O,TAOP
REDU.O,REDU
KRBP.O,KRBP
QELLU.O,QELLU
CRKN.O,CRKN
HTGM.O,HTGM
MOSY.O,MOSY
UTSI.O,UTSI
SCKT.O,SCKT
RAND.O,RAND
DWSN.O,DWSN
NVOS.O,NVOS
GRCYU.O,GRCYU
APDN.O,APDN
RVPH.O,RVPH
ATHE.O,ATHE
CYCC.O,CYCC
LIVE.O,LIVE
LMRKP.O,LMRKP
EVK.O,EVK
DTSS.O,DTSS
CPIX.O,CPIX
HCDI.O,HCDI
NUZE.O,NUZE
CSSEP.O,CSSEP
SNPX.O,SNPX
INDP.O,INDP
PULM.O,PULM
KLXE.O,KLXE
DRMA.O,DRMA
ENVB.O,ENVB
CNSP.O,CNSP
ASRT.O,ASRT
INVO.O,INVO
CNNB.O,CNNB
ABIO.O,ABIO
TRVI.O,TRVI
EAST.O,EAST
CUEN.O,CUEN
SINO.O,SINO
IFMK.O,IFMK
PATI.O,PATI
BPTH.O,BPTH
APWC.O,APWC
SVVC.O,SVVC
QK.O,QK
VIRI.O,VIRI
ACOR.O,ACOR
RDIB.O,RDIB
HUDI.O,HUDI
EARS.O,EARS
UPTDU.O,UPTDU
TUGCU.O,TUGCU
RIBT.O,RIBT
EZGO.O,EZGO
ANTE.O,ANTE
SLRX.O,SLRX
MEDS.O,MEDS
EVOK.O,EVOK
TAYD.O,TAYD
ZCMD.O,ZCMD
CSPI.O,CSPI
ISPC.O,ISPC
OLB.O,OLB
ACXP.O,ACXP
LTBR.O,LTBR
AHPI.O,AHPI
ALIM.O,ALIM
AMST.O,AMST
BLIN.O,BLIN
IMTE.O,IMTE
AUUD.O,AUUD
PMD.O,PMD
PT.O,PT
QLGN.O,QLGN
IMAC.O,IMAC
SQFT.O,SQFT
FGBIP.O,FGBIP
KEQU.O,KEQU
TC.O,TC
JUPW.O,JUPW
UNCY.O,UNCY
AGRI.O,AGRI
PNBK.O,PNBK
DALN.O,DALN
MOTS.O,MOTS
MTC.O,MTC
RILYL.O,RILYL
JCTCF.O,JCTCF
JMPNZ.O,JMPNZ
AATC.O,AATC
BLPH.O,BLPH
BTB.O,BTB
CYTO.O,CYTO
PBBK.O,PBBK
CYRN.O,CYRN
XOMAO.O,XOMAO
PIXY.O,PIXY
ACER.O,ACER
TLGT.O,TLGT
HTIA.O,HTIA
GLBZ.O,GLBZ
HAPP.O,HAPP
TANH.O,TANH
TENX.O,TENX
PHCF.O,PHCF
SGRP.O,SGRP
ELTK.O,ELTK
OSAT.O,OSAT
CUBA.O,CUBA
SSNT.O,SSNT
BHTG.O,BHTG
SOHO.O,SOHO
GBS.O,GBS
CVV.O,CVV
SFET.O,SFET
RNAZ.O,RNAZ
MTP.O,MTP
NXTD.O,NXTD
MDGS.O,MDGS
SONM.O,SONM
AUTO.O,AUTO
SINT.O,SINT
BELFA.O,BELFA
XELB.O,XELB
SGLB.O,SGLB
FRGAP.O,FRGAP
LEDS.O,LEDS
HSTO.O,HSTO
CRTD.O,CRTD
RELI.O,RELI
ATIF.O,ATIF
OSN.O,OSN
BVXV.O,BVXV
AIHS.O,AIHS
WVFC.O,WVFC
PPSI.O,PPSI
BNSO.O,BNSO
BNTC.O,BNTC
POWWP.O,POWWP
LIXT.O,LIXT
JVA.O,JVA
AMPG.O,AMPG
DBGI.O,DBGI
BHAT.O,BHAT
PTIX.O,PTIX
WORX.O,WORX
PBLA.O,PBLA
HSDT.O,HSDT
AEY.O,AEY
MRM.O,MRM
SGBX.O,SGBX
MINDP.O,MINDP
VEEE.O,VEEE
FFHL.O,FFHL
GHSI.O,GHSI
MFH.O,MFH
NSPR.O,NSPR
NUWE.O,NUWE
LANDP.O,LANDP
BANFP.O,BANFP
SOHOB.O,SOHOB
ZIVO.O,ZIVO
GMVD.O,GMVD
MOHO.O,MOHO
HCDIP.O,HCDIP
NSYS.O,NSYS
XBIO.O,XBIO
PALI.O,PALI
YTEN.O,YTEN
GLBS.O,GLBS
NLSP.O,NLSP
PRFX.O,PRFX
CJJD.O,CJJD
WHLM.O,WHLM
OCC.O,OCC
NSEC.O,NSEC
HOTH.O,HOTH
LMFA.O,LMFA
VLON.O,VLON
LEXX.O,LEXX
IMRN.O,IMRN
WHLR.O,WHLR
EEIQ.O,EEIQ
PALT.O,PALT
LEVLP.O,LEVLP
SOHOO.O,SOHOO
GIGM.O,GIGM
MNSBP.O,MNSBP
PETV.O,PETV
IINN.O,IINN
MIND.O,MIND
CNFR.O,CNFR
SYTA.O,SYTA
ADTX.O,ADTX
ATXI.O,ATXI
WHLRP.O,WHLRP
TOMZ.O,TOMZ
STAF.O,STAF
EVOL.O,EVOL
HX.O,HX
PSTV.O,PSTV
PXS.O,PXS
GBNY.O,GBNY
GVP.O,GVP
THMO.O,THMO
VINO.O,VINO
WAFU.O,WAFU
VIVE.O,VIVE
TAIT.O,TAIT
PTPI.O,PTPI
FORD.O,FORD
CETX.O,CETX
DTST.O,DTST
SGMA.O,SGMA
LYL.O,LYL
GOVX.O,GOVX
BLCM.O,BLCM
FGF.O,FGF
VRME.O,VRME
OPHC.O,OPHC
PSHG.O,PSHG
XOMAP.O,XOMAP
SOHON.O,SOHON
RBCN.O,RBCN
SPCB.O,SPCB
BKYI.O,BKYI
CLEU.O,CLEU
PHIO.O,PHIO
UNAM.O,UNAM
SVFD.O,SVFD
BOSC.O,BOSC
MLND.O,MLND
TTNP.O,TTNP
SONN.O,SONN
AIRTP.O,AIRTP
PFIN.O,PFIN
BIMI.O,BIMI
EYEG.O,EYEG
NVIV.O,NVIV
RAVE.O,RAVE
YVR.O,YVR
SMIT.O,SMIT
OCCIP.O,OCCIP
SUMR.O,SUMR
OCCIO.O,OCCIO
DUOT.O,DUOT
DYNT.O,DYNT
ARTL.O,ARTL
GYRO.O,GYRO
XTLB.O,XTLB
RETO.O,RETO
GRIL.O,GRIL
CLWT.O,CLWT
SNES.O,SNES
OXBR.O,OXBR
MDRR.O,MDRR
INM.O,INM
FGFPP.O,FGFPP
HUSN.O,HUSN
CYAN.O,CYAN
SXTC.O,SXTC
EDTK.O,EDTK
SQFTP.O,SQFTP
GROM.O,GROM
IPDN.O,IPDN
MYSZ.O,MYSZ
SQBG.O,SQBG
USEG.O,USEG
TSRI.O,TSRI
APOP.O,APOP
MTSL.O,MTSL
ELSE.O,ELSE
KBSF.O,KBSF
HIHO.O,HIHO
JAN.O,JAN
CREX.O,CREX
ARTW.O,ARTW
EFOI.O,EFOI
ASRVP.O,ASRVP
NVFY.O,NVFY
ISIG.O,ISIG
STRR.O,STRR
AEHL.O,AEHL
AUVIP.O,AUVIP
WVVIP.O,WVVIP
SNOA.O,SNOA
JRJC.O,JRJC
CTIB.O,CTIB
FATBP.O,FATBP
MARPS.O,MARPS
PMCB.O,PMCB
STRRP.O,STRRP
MDRRP.O,MDRRP
CETXP.O,CETXP
PXSAP.O,PXSAP
CYCCP.O,CYCCP
AGBAR.O,AGBAR
ALACR.O,ALACR
BHFAL.O,BHFAL
BRLIR.O,BRLIR
COWNL.O,COWNL
ESSCR.O,ESSCR
RILYH.O,RILYH
RILYI.O,RILYI
ZGYHR.O,ZGYHR
MAXNV.O,MAXNV
SPWRV.O,SPWRV
MCACR.O,MCACR
SPEL.O,SPEL
MVNR.O,MVNR
CMPX.O,CMPX
ADOCR.O,ADOCR
BREZR.O,BREZR
PFXNL.O,PFXNL
BENER.O,BENER
VTAQR.O,VTAQR
MCADR.O,MCADR
RILYK.O,RILYK
VENAR.O,VENAR
GBRGR.O,GBRGR
MBTCR.O,MBTCR
VISN.O,VISN
HROWL.O,HROWL
ACT.O,ACT
VMEOV.O,VMEOV
SVNIU.O,SVNIU
MPACR.O,MPACR
MCAER.O,MCAER
SNCRL.O,SNCRL
METCL.O,METCL
SPKAR.O,SPKAR
USCB.O,USCB
HKIT.O,HKIT
SSIC.O,SSIC
TBLD.O,TBLD
BSGAR.O,BSGAR
MCAFR.O,MCAFR
LAXXU.O,LAXXU
GPCOR.O,GPCOR
CLAQR.O,CLAQR
WCGC.O,WCGC
DWACU.O,DWACU
RILYZ.O,RILYZ
FINW.O,FINW
FTVI.O,FTVI
WHLRL.O,WHLRL
IMAQR.O,IMAQR
GGGVR.O,GGGVR
EZFL.O,EZFL
KTTA.O,KTTA
NLIT.O,NLIT
BWBBP.O,BWBBP
LNG,LNG
CQP,CQP
IMO,IMO
CBOE.K,CBOE
SEB,SEB
PHYS.K,PHYS
SIM,SIM
BTG,BTG
CEF,CEF
PSLV.K,PSLV
GSAT.K,GSAT
NG,NG
UTG,UTG
PRK,PRK
EQX,EQX
NXE,NXE
MAG,MAG
EVV,EVV
SENS.K,SENS
TMP,TMP
NHC,NHC
CET,CET
CCF,CCF
SILV.K,SILV
FAX,FAX
NOG,NOG
EIM,EIM
CLM,CLM
ORLA.K,ORLA
SLI,SLI
DNN,DNN
NGD,NGD
SVM,SVM
UUUU.K,UUUU
MCF,MCF
MMX,MMX
GGN,GGN
XXII.K,XXII
VKI,VKI
BTX,BTX
EAD,EAD
FSP,FSP
NEWP.K,NEWP
STXS.K,STXS
ASXC.K,ASXC
CRF,CRF
UEC,UEC
TGB,TGB
ZOM,ZOM
AEF,AEF
GLO,GLO
BHB,BHB
LCTX.K,LCTX
CVM,CVM
KLR,KLR
SMTS.K,SMTS
ERC,ERC
RVP,RVP
ELLO.K,ELLO
REPX.K,REPX
BRBS.K,BRBS
MTA,MTA
LEU,LEU
PLM,PLM
INFU.K,INFU
ANVS.K,ANVS
UAVS.K,UAVS
NBH,NBH
CYBN.K,CYBN
BRG,BRG
RLGT.K,RLGT
EVM,EVM
EVI,EVI
FTF,FTF
FTSI.K,FTSI
AMPE.K,AMPE
NML,NML
TMQ,TMQ
FEN,FEN
GSS,GSS
CIX,CIX
GOED.K,GOED
DHY,DHY
AXU,AXU
IBIO.K,IBIO
VHAQ.K,VHAQ
NHS,NHS
NRO,NRO
EMX,EMX
ESBA.K,ESBA
WRN,WRN
ENX,ENX
EVBN.K,EVBN
DLA,DLA
ZDGE.K,ZDGE
GDP,GDP
REI,REI
VHAQ_u.K,VHAQ.U
GLQ,GLQ
KULR.K,KULR
PLG,PLG
URG,URG
BATL.K,BATL
DMF,DMF
NAK,NAK
ECF,ECF
LSF,LSF
GAU,GAU
GROY.K,GROY
CIK,CIK
MHH,MHH
NEN,NEN
GTE,GTE
BCV,BCV
EMAN.K,EMAN
ID,ID
GSV,GSV
GLDG.K,GLDG
THM,THM
VMM,VMM
VNRX.K,VNRX
GPL,GPL
USAS.K,USAS
IAF,IAF
MTNB.K,MTNB
CMCL.K,CMCL
NBA,NBA
LODE.K,LODE
ITRG.K,ITRG
SPPP.K,SPPP
GLTA_u.K,GLTA.U
ACU,ACU
ADRA.K,ADRA
PW,PW
DPW,DPW
SACH.K,SACH
INTT.K,INTT
ATNM.K,ATNM
ERH,ERH
MIMO.K,MIMO
EPM,EPM
HNW,HNW
BMTX.K,BMTX
PTK,PTK
AE,AE
GORO.K,GORO
CMT,CMT
PCG_pa,PCG$A
WWR,WWR
PTK_u,PTK.U
WLMS.K,WLMS
YCBD.K,YCBD
GLU,GLU
ADRA_u.K,ADRA.U
CHFW.K,CHFW
ELA,ELA
MLSS.K,MLSS
APT,APT
CHAQ.K,CHAQ
HLM_p,HLM$
PTN,PTN
ISDR.K,ISDR
PHGE.K,PHGE
GLV,GLV
TRX,TRX
XTNT.K,XTNT
CEV,CEV
ELMD.K,ELMD
OPTT.K,OPTT
BTTR.K,BTTR
ASM,ASM
VOLT.K,VOLT
FURY.K,FURY
UAMY.K,UAMY
VGZ,VGZ
ARMP.K,ARMP
AIM,AIM
FRD,FRD
LOV,LOV
GGN_pb,GGN$B
CHAQ_u.K,CHAQ.U
DIT,DIT
ISR,ISR
FCO,FCO
INUV.K,INUV
EVY,EVY
PED,PED
NBW,NBW
CDOR.K,CDOR
OGEN.K,OGEN
SNMP.K,SNMP
DSS,DSS
AUMN.K,AUMN
IGC,IGC
NTIP.K,NTIP
VCF,VCF
BRG_pd,BRG$D
SBEV.K,SBEV
TPHS.K,TPHS
NBO,NBO
VFL,VFL
OGCP.K,OGCP
BTN,BTN
PLX,PLX
TKAT.K,TKAT
BRG_pc,BRG$C
EXN,EXN
SYN,SYN
SIF,SIF
BGI,BGI
LGL,LGL
AAU,AAU
WTT,WTT
JOB,JOB
PLYM_pa.K,PLYM$A
PHGE_u.K,PHGE.U
GLU_pb,GLU$B
BKTI.K,BKTI
WYY,WYY
MYO,MYO
IOR,IOR
AINC.K,AINC
GLU_pa,GLU$A
NAVB.K,NAVB
ACY,ACY
IDW,IDW
BDL,BDL
FSI,FSI
PCG_pd,PCG$D
HWM_p,HWM$
SACH_pa.K,SACH$A
NNVC.K,NNVC
OBLG.K,OBLG
ITP,ITP
AGE,AGE
NSPR.K,NSPR
CVU,CVU
CEI,CEI
ESP,ESP
PLAG.K,PLAG
AIRI.K,AIRI
FTNW.K,FTNW
GRF,GRF
TMBR.K,TMBR
COHN.K,COHN
INDO.K,INDO
DXR,DXR
CANF.K,CANF
NES,NES
IHT,IHT
AMBO.K,AMBO
XPL,XPL
PCG_pb,PCG$B
ECF_pa,ECF$A
DXF,DXF
FISK.K,FISK
CPHI.K,CPHI
BCV_pa,BCV$A
MITQ.K,MITQ
PZG,PZG
AAMC.K,AAMC
KIQ,KIQ
IMH,IMH
GGO,GGO
NBY,NBY
CVR,CVR
UFAB.K,UFAB
SVT,SVT
CTEK.K,CTEK
PCG_pe,PCG$E
CKX,CKX
MSN,MSN
BRN,BRN
GBR,GBR
SDPI.K,SDPI
PCG_pg,PCG$G
YCBD_pa.K,YCBD$A
AWX,AWX
MXC,MXC
RMED.K,RMED
HMG,HMG
SSY,SSY
TRT,TRT
HUSA.K,HUSA
RHE_pa,RHE$A
AMS,AMS
RCG,RCG
PCG_ph,PCG$H
UUU,UUU
ENSV.K,ENSV
BDR,BDR
GGO_pa,GGO$A
RHE,RHE
PCG_pc,PCG$C
PCG_pi,PCG$I
PW_pa,PW$A
IPB,IPB
VHAQ_r.K,VHAQ.R
GLQ_r_w,GLQ.RV
GLV_r_w,GLV.RV
GLO_r_w,GLO.RV
GLTA.K,GLTA
